iid,gender,age,field_cd,date,go_out,sports,tvsports,exercise,dining,museums,art,hiking,gaming,clubbing,reading,tv,theater,movies,concerts,music,shopping,yoga,attr3_1,sinc3_1,fun3_1,intel3_1,amb3_1,cluster
1,0,21.0,1.0,7.0,1.0,9.0,2.0,8.0,9.0,1.0,1.0,5.0,1.0,5.0,6.0,9.0,1.0,10.0,10.0,9.0,8.0,1.0,6.0,8.0,8.0,8.0,7.0,5
2,0,24.0,1.0,5.0,1.0,3.0,2.0,7.0,10.0,8.0,6.0,3.0,5.0,8.0,10.0,1.0,9.0,8.0,7.0,8.0,3.0,1.0,7.0,5.0,10.0,8.0,3.0,6
3,0,25.0,2.0,3.0,1.0,3.0,8.0,7.0,8.0,5.0,5.0,8.0,4.0,5.0,7.0,8.0,7.0,7.0,7.0,5.0,8.0,7.0,8.0,9.0,8.0,9.0,8.0,5
4,0,23.0,1.0,5.0,1.0,1.0,1.0,6.0,7.0,6.0,7.0,7.0,5.0,7.0,7.0,7.0,9.0,7.0,8.0,7.0,1.0,8.0,7.0,8.0,9.0,7.0,8.0,6
5,0,21.0,1.0,4.0,1.0,7.0,4.0,7.0,7.0,6.0,8.0,6.0,6.0,8.0,6.0,8.0,6.0,6.0,3.0,7.0,8.0,3.0,6.0,3.0,6.0,10.0,8.0,5
6,0,23.0,1.0,3.0,1.0,10.0,8.0,9.0,7.0,8.0,7.0,9.0,2.0,6.0,9.0,2.0,5.0,6.0,6.0,4.0,1.0,1.0,5.0,7.0,8.0,9.0,5.0,5
7,0,22.0,1.0,5.0,1.0,5.0,3.0,4.0,10.0,10.0,10.0,2.0,3.0,8.0,8.0,8.0,10.0,10.0,10.0,10.0,10.0,10.0,6.0,6.0,5.0,7.0,7.0,6
8,0,25.0,13.0,5.0,1.0,2.0,2.0,1.0,10.0,9.0,9.0,3.0,2.0,10.0,8.0,10.0,9.0,9.0,6.0,6.0,8.0,6.0,7.0,4.0,8.0,8.0,8.0,3
9,0,26.0,13.0,4.0,1.0,4.0,3.0,1.0,8.0,6.0,7.0,2.0,2.0,10.0,8.0,8.0,10.0,10.0,9.0,9.0,8.0,3.0,7.0,6.0,10.0,7.0,7.0,3
10,0,26.0,13.0,6.0,1.0,9.0,9.0,9.0,7.0,6.0,6.0,7.0,1.0,7.0,8.0,5.0,6.0,7.0,7.0,8.0,7.0,7.0,6.0,8.0,10.0,6.0,9.0,1
11,1,27.0,8.0,5.0,4.0,8.0,7.0,2.0,6.0,7.0,5.0,5.0,5.0,4.0,9.0,2.0,4.0,8.0,7.0,8.0,5.0,1.0,8.0,9.0,7.0,8.0,5.0,2
12,1,22.0,1.0,1.0,1.0,9.0,7.0,9.0,8.0,7.0,6.0,3.0,3.0,5.0,6.0,6.0,4.0,7.0,7.0,9.0,5.0,5.0,9.0,9.0,9.0,10.0,9.0,5
13,1,22.0,1.0,7.0,1.0,7.0,8.0,2.0,9.0,5.0,6.0,4.0,7.0,7.0,6.0,8.0,10.0,8.0,9.0,9.0,8.0,1.0,4.0,7.0,8.0,8.0,3.0,5
14,1,23.0,1.0,4.0,1.0,10.0,6.0,8.0,8.0,3.0,3.0,10.0,8.0,8.0,6.0,7.0,3.0,10.0,6.0,8.0,6.0,1.0,9.0,9.0,9.0,9.0,9.0,5
15,1,24.0,1.0,4.0,1.0,9.0,7.0,9.0,7.0,4.0,3.0,6.0,7.0,9.0,8.0,6.0,9.0,9.0,6.0,7.0,2.0,1.0,7.0,7.0,7.0,9.0,9.0,5
16,1,25.0,8.0,5.0,1.0,7.0,2.0,6.0,7.0,7.0,7.0,5.0,5.0,5.0,8.0,3.0,7.0,8.0,7.0,8.0,6.0,1.0,6.0,6.0,8.0,8.0,6.0,1
17,1,30.0,13.0,3.0,2.0,8.0,2.0,9.0,7.0,7.0,5.0,4.0,2.0,6.0,4.0,2.0,7.0,9.0,7.0,7.0,2.0,2.0,7.0,7.0,6.0,8.0,4.0,1
18,1,27.0,8.0,6.0,1.0,5.0,5.0,5.0,9.0,4.0,3.0,4.0,4.0,2.0,6.0,9.0,3.0,9.0,3.0,6.0,2.0,1.0,6.0,8.0,6.0,8.0,9.0,2
19,1,28.0,8.0,1.0,1.0,10.0,10.0,10.0,10.0,5.0,5.0,6.0,7.0,9.0,8.0,1.0,1.0,7.0,7.0,7.0,7.0,10.0,10.0,6.0,10.0,10.0,10.0,1
20,1,24.0,8.0,1.0,1.0,10.0,10.0,10.0,10.0,9.0,9.0,4.0,10.0,10.0,8.0,3.0,8.0,8.0,6.0,6.0,5.0,10.0,7.0,7.0,10.0,10.0,10.0,4
21,0,21.0,5.0,7.0,4.0,10.0,8.0,10.0,5.0,5.0,5.0,2.0,1.0,3.0,7.0,10.0,4.0,7.0,4.0,8.0,5.0,2.0,5.0,9.0,7.0,9.0,10.0,5
22,0,27.0,9.0,6.0,2.0,1.0,2.0,2.0,8.0,8.0,8.0,1.0,2.0,6.0,8.0,8.0,8.0,9.0,7.0,7.0,8.0,8.0,7.0,8.0,7.0,8.0,7.0,3
23,0,21.0,3.0,1.0,1.0,2.0,2.0,3.0,9.0,7.0,6.0,6.0,7.0,7.0,10.0,9.0,10.0,10.0,10.0,10.0,10.0,3.0,5.0,8.0,6.0,7.0,8.0,6
24,0,27.0,11.0,6.0,4.0,10.0,1.0,10.0,9.0,6.0,6.0,10.0,6.0,3.0,6.0,1.0,6.0,9.0,8.0,8.0,6.0,7.0,7.0,9.0,9.0,8.0,8.0,1
25,0,25.0,11.0,5.0,2.0,7.0,4.0,7.0,7.0,6.0,3.0,5.0,6.0,8.0,9.0,9.0,7.0,10.0,6.0,8.0,8.0,4.0,7.0,9.0,7.0,8.0,6.0,3
26,0,23.0,11.0,5.0,2.0,9.0,4.0,9.0,7.0,7.0,4.0,6.0,5.0,7.0,5.0,3.0,9.0,9.0,6.0,4.0,5.0,1.0,7.0,8.0,8.0,8.0,8.0,1
27,0,22.0,3.0,6.0,2.0,7.0,6.0,8.0,8.0,7.0,6.0,8.0,7.0,8.0,8.0,5.0,5.0,5.0,5.0,7.0,7.0,8.0,6.0,6.0,7.0,7.0,7.0,5
29,0,22.0,11.0,6.0,1.0,8.0,9.0,7.0,7.0,7.0,6.0,2.0,2.0,7.0,7.0,7.0,5.0,7.0,6.0,8.0,9.0,5.0,6.0,9.0,8.0,7.0,8.0,1
30,0,23.0,1.0,7.0,2.0,5.0,6.0,8.0,7.0,4.0,4.0,2.0,1.0,7.0,8.0,5.0,7.0,7.0,7.0,9.0,6.0,4.0,7.0,8.0,9.0,8.0,8.0,5
31,0,24.0,1.0,4.0,3.0,3.0,3.0,7.0,10.0,7.0,7.0,7.0,2.0,6.0,6.0,8.0,8.0,8.0,6.0,7.0,10.0,6.0,8.0,8.0,9.0,8.0,9.0,6
32,0,27.0,3.0,4.0,2.0,4.0,1.0,5.0,9.0,5.0,5.0,1.0,2.0,4.0,9.0,6.0,6.0,7.0,5.0,8.0,10.0,9.0,7.0,5.0,9.0,9.0,7.0,6
33,0,30.0,3.0,6.0,1.0,4.0,6.0,10.0,7.0,8.0,6.0,6.0,8.0,6.0,10.0,10.0,8.0,8.0,6.0,6.0,7.0,9.0,6.0,8.0,6.0,8.0,8.0,4
34,0,21.0,8.0,6.0,2.0,7.0,6.0,6.0,7.0,4.0,4.0,5.0,4.0,7.0,7.0,6.0,9.0,10.0,7.0,7.0,7.0,7.0,7.0,7.0,7.0,7.0,8.0,5
35,0,25.0,2.0,6.0,3.0,9.0,7.0,9.0,8.0,8.0,8.0,5.0,6.0,9.0,7.0,9.0,8.0,8.0,7.0,7.0,8.0,3.0,8.0,9.0,9.0,9.0,7.0,5
36,0,26.0,2.0,5.0,2.0,6.0,1.0,4.0,6.0,7.0,7.0,7.0,1.0,3.0,9.0,1.0,9.0,6.0,6.0,7.0,5.0,1.0,8.0,7.0,8.0,8.0,6.0,2
37,0,27.0,3.0,6.0,2.0,6.0,4.0,6.0,10.0,9.0,8.0,7.0,6.0,7.0,5.0,6.0,10.0,7.0,8.0,7.0,4.0,9.0,7.0,8.0,7.0,9.0,5.0,6
38,0,23.0,1.0,4.0,3.0,7.0,2.0,7.0,10.0,2.0,2.0,7.0,4.0,7.0,2.0,8.0,8.0,10.0,10.0,10.0,10.0,2.0,8.0,2.0,7.0,8.0,8.0,5
39,0,24.0,1.0,6.0,4.0,3.0,2.0,4.0,10.0,10.0,8.0,7.0,1.0,5.0,10.0,9.0,9.0,10.0,9.0,9.0,10.0,1.0,6.0,9.0,6.0,8.0,7.0,6
41,1,30.0,1.0,6.0,5.0,5.0,5.0,6.0,5.0,5.0,5.0,5.0,10.0,5.0,6.0,6.0,6.0,6.0,5.0,5.0,5.0,1.0,5.0,7.0,5.0,8.0,5.0,2
42,1,23.0,5.0,7.0,4.0,1.0,1.0,7.0,5.0,3.0,3.0,3.0,1.0,1.0,9.0,8.0,5.0,7.0,2.0,5.0,2.0,1.0,6.0,9.0,6.0,8.0,4.0,2
43,1,24.0,8.0,6.0,3.0,8.0,9.0,6.0,5.0,7.0,7.0,2.0,5.0,5.0,9.0,6.0,7.0,4.0,6.0,5.0,2.0,1.0,3.0,8.0,3.0,7.0,2.0,2
44,1,24.0,3.0,3.0,1.0,9.0,1.0,8.0,7.0,8.0,8.0,10.0,6.0,7.0,8.0,1.0,7.0,3.0,8.0,1.0,6.0,8.0,7.0,9.0,8.0,9.0,9.0,6
45,1,28.0,8.0,6.0,3.0,9.0,7.0,3.0,6.0,8.0,6.0,6.0,7.0,6.0,6.0,7.0,6.0,7.0,6.0,6.0,6.0,3.0,7.0,8.0,6.0,8.0,7.0,1
46,1,26.0,8.0,6.0,2.0,10.0,7.0,5.0,6.0,7.0,7.0,8.0,3.0,7.0,7.0,4.0,4.0,6.0,5.0,6.0,2.0,7.0,7.0,8.0,5.0,7.0,7.0,1
47,1,30.0,8.0,6.0,1.0,6.0,7.0,2.0,8.0,7.0,6.0,3.0,7.0,4.0,7.0,4.0,5.0,8.0,8.0,7.0,2.0,1.0,8.0,7.0,9.0,9.0,3.0,2
48,1,22.0,12.0,5.0,2.0,3.0,1.0,6.0,7.0,7.0,8.0,1.0,5.0,8.0,4.0,6.0,10.0,10.0,6.0,8.0,6.0,2.0,7.0,9.0,6.0,7.0,6.0,3
49,1,25.0,8.0,3.0,2.0,10.0,7.0,5.0,7.0,6.0,7.0,2.0,8.0,7.0,9.0,5.0,5.0,6.0,5.0,8.0,2.0,7.0,7.0,10.0,10.0,10.0,8.0,1
50,1,27.0,1.0,6.0,2.0,10.0,10.0,3.0,8.0,5.0,3.0,4.0,3.0,10.0,5.0,6.0,8.0,10.0,7.0,10.0,6.0,2.0,8.0,9.0,9.0,10.0,8.0,5
51,1,23.0,1.0,5.0,3.0,6.0,6.0,7.0,3.0,4.0,3.0,6.0,5.0,4.0,5.0,7.0,1.0,6.0,1.0,2.0,2.0,1.0,6.0,8.0,2.0,10.0,2.0,2
52,1,21.0,1.0,4.0,1.0,8.0,5.0,3.0,6.0,3.0,4.0,3.0,3.0,3.0,3.0,7.0,4.0,6.0,3.0,5.0,4.0,2.0,5.0,8.0,6.0,8.0,7.0,5
53,1,28.0,4.0,6.0,2.0,8.0,4.0,3.0,10.0,9.0,8.0,8.0,4.0,4.0,9.0,5.0,7.0,9.0,9.0,9.0,7.0,3.0,8.0,9.0,8.0,8.0,8.0,6
54,1,28.0,8.0,5.0,1.0,5.0,2.0,2.0,8.0,7.0,8.0,8.0,1.0,3.0,7.0,1.0,8.0,6.0,9.0,9.0,1.0,3.0,8.0,9.0,8.0,8.0,8.0,2
55,1,23.0,1.0,4.0,2.0,10.0,8.0,4.0,5.0,5.0,4.0,1.0,6.0,10.0,9.0,7.0,5.0,10.0,7.0,10.0,5.0,1.0,6.0,10.0,10.0,9.0,10.0,5
56,0,23.0,11.0,3.0,1.0,2.0,1.0,10.0,10.0,5.0,5.0,2.0,1.0,7.0,6.0,8.0,8.0,7.0,6.0,9.0,10.0,4.0,10.0,10.0,9.0,8.0,5.0,3
57,0,22.0,11.0,5.0,2.0,4.0,4.0,5.0,9.0,9.0,9.0,9.0,1.0,5.0,9.0,9.0,9.0,9.0,9.0,9.0,9.0,9.0,6.0,10.0,10.0,9.0,10.0,3
60,0,29.0,3.0,6.0,2.0,3.0,1.0,9.0,9.0,5.0,5.0,3.0,1.0,5.0,5.0,2.0,10.0,7.0,6.0,9.0,5.0,5.0,7.0,9.0,9.0,9.0,9.0,6
61,0,28.0,7.0,5.0,2.0,1.0,1.0,5.0,10.0,10.0,10.0,5.0,1.0,5.0,10.0,6.0,10.0,10.0,8.0,10.0,8.0,7.0,7.0,10.0,7.0,10.0,7.0,3
62,0,26.0,1.0,7.0,2.0,8.0,5.0,7.0,8.0,6.0,6.0,7.0,7.0,7.0,7.0,3.0,2.0,9.0,7.0,9.0,9.0,2.0,9.0,9.0,9.0,9.0,9.0,5
63,0,24.0,1.0,6.0,1.0,5.0,3.0,8.0,6.0,9.0,8.0,5.0,1.0,2.0,10.0,1.0,8.0,9.0,4.0,5.0,6.0,2.0,6.0,8.0,9.0,8.0,7.0,6
64,0,27.0,11.0,6.0,5.0,8.0,8.0,8.0,8.0,8.0,8.0,9.0,5.0,3.0,8.0,7.0,8.0,8.0,9.0,9.0,8.0,5.0,8.0,8.0,6.0,9.0,9.0,4
65,0,23.0,11.0,5.0,3.0,7.0,5.0,7.0,8.0,8.0,8.0,8.0,8.0,9.0,8.0,8.0,8.0,9.0,8.0,8.0,9.0,6.0,7.0,9.0,9.0,8.0,9.0,4
66,1,29.0,8.0,6.0,4.0,4.0,2.0,3.0,6.0,4.0,3.0,3.0,6.0,4.0,8.0,6.0,4.0,8.0,4.0,6.0,4.0,2.0,6.0,7.0,7.0,8.0,8.0,2
67,1,22.0,1.0,5.0,2.0,9.0,9.0,6.0,7.0,6.0,6.0,4.0,4.0,4.0,6.0,6.0,3.0,9.0,9.0,9.0,2.0,1.0,5.0,7.0,6.0,7.0,7.0,5
68,1,27.0,6.0,4.0,3.0,3.0,2.0,2.0,7.0,8.0,8.0,3.0,3.0,7.0,10.0,7.0,5.0,9.0,7.0,7.0,7.0,1.0,6.0,8.0,7.0,8.0,8.0,6
69,1,28.0,8.0,6.0,1.0,10.0,7.0,5.0,5.0,3.0,2.0,1.0,3.0,9.0,8.0,2.0,4.0,7.0,6.0,7.0,2.0,1.0,5.0,9.0,5.0,8.0,8.0,1
70,1,26.0,8.0,2.0,1.0,9.0,4.0,9.0,5.0,7.0,5.0,7.0,5.0,5.0,8.0,3.0,7.0,8.0,5.0,8.0,5.0,6.0,8.0,6.0,8.0,9.0,6.0,1
71,1,21.0,1.0,6.0,2.0,9.0,10.0,6.0,4.0,3.0,3.0,7.0,6.0,7.0,7.0,8.0,3.0,10.0,6.0,8.0,2.0,1.0,6.0,8.0,8.0,10.0,10.0,5
72,1,22.0,5.0,6.0,1.0,8.0,3.0,7.0,10.0,6.0,6.0,7.0,2.0,9.0,5.0,6.0,7.0,7.0,6.0,8.0,8.0,4.0,7.0,9.0,8.0,8.0,8.0,5
73,1,22.0,8.0,4.0,2.0,9.0,9.0,7.0,6.0,5.0,4.0,4.0,6.0,6.0,5.0,5.0,5.0,7.0,7.0,6.0,4.0,1.0,7.0,7.0,8.0,7.0,8.0,5
74,1,25.0,5.0,7.0,2.0,8.0,3.0,5.0,9.0,10.0,10.0,9.0,6.0,8.0,10.0,2.0,9.0,10.0,8.0,8.0,3.0,5.0,7.0,9.0,9.0,8.0,7.0,6
75,1,24.0,1.0,5.0,3.0,8.0,2.0,8.0,7.0,7.0,7.0,7.0,5.0,9.0,8.0,8.0,5.0,7.0,6.0,8.0,5.0,5.0,7.0,7.0,8.0,8.0,8.0,5
76,0,34.0,6.0,7.0,2.0,1.0,7.0,6.0,8.0,8.0,8.0,5.0,1.0,7.0,7.0,4.0,8.0,8.0,8.0,7.0,7.0,7.0,6.0,6.0,6.0,8.0,4.0,0
77,0,22.0,11.0,4.0,2.0,7.0,1.0,10.0,9.0,9.0,9.0,8.0,3.0,6.0,6.0,6.0,8.0,8.0,10.0,10.0,7.0,9.0,6.0,8.0,8.0,8.0,8.0,4
78,0,23.0,11.0,7.0,3.0,5.0,1.0,7.0,7.0,9.0,5.0,9.0,1.0,3.0,9.0,3.0,9.0,9.0,9.0,7.0,5.0,10.0,3.0,10.0,3.0,8.0,8.0,3
79,0,26.0,5.0,7.0,1.0,2.0,3.0,2.0,10.0,10.0,10.0,2.0,1.0,7.0,4.0,4.0,9.0,9.0,8.0,8.0,3.0,3.0,7.0,9.0,8.0,7.0,7.0,6
80,0,27.0,10.0,5.0,4.0,8.0,3.0,7.0,5.0,5.0,4.0,3.0,1.0,5.0,10.0,9.0,7.0,7.0,7.0,7.0,9.0,2.0,8.0,8.0,8.0,8.0,8.0,1
81,0,28.0,6.0,5.0,2.0,6.0,2.0,7.0,9.0,9.0,7.0,7.0,1.0,7.0,7.0,7.0,9.0,9.0,7.0,7.0,7.0,4.0,8.0,7.0,8.0,7.0,7.0,6
82,0,25.0,9.0,3.0,2.0,5.0,5.0,5.0,8.0,9.0,10.0,9.0,1.0,7.0,8.0,6.0,8.0,8.0,8.0,9.0,6.0,7.0,8.0,9.0,8.0,8.0,7.0,3
83,0,35.0,8.0,6.0,1.0,5.0,1.0,3.0,5.0,7.0,8.0,3.0,1.0,6.0,8.0,3.0,7.0,8.0,7.0,8.0,4.0,7.0,5.0,9.0,9.0,5.0,5.0,0
84,0,32.0,10.0,4.0,1.0,7.0,1.0,9.0,9.0,9.0,9.0,3.0,1.0,9.0,9.0,1.0,9.0,10.0,9.0,9.0,5.0,5.0,7.0,9.0,7.0,8.0,5.0,0
85,0,30.0,11.0,6.0,4.0,2.0,3.0,4.0,9.0,8.0,6.0,8.0,4.0,7.0,8.0,4.0,6.0,7.0,5.0,8.0,5.0,3.0,7.0,9.0,9.0,8.0,9.0,3
86,0,22.0,3.0,7.0,1.0,2.0,2.0,1.0,4.0,7.0,7.0,2.0,1.0,6.0,4.0,7.0,5.0,10.0,10.0,10.0,2.0,2.0,7.0,9.0,9.0,9.0,4.0,6
87,0,23.0,11.0,3.0,2.0,10.0,5.0,10.0,8.0,7.0,7.0,8.0,4.0,9.0,9.0,6.0,7.0,10.0,9.0,10.0,7.0,9.0,9.0,9.0,9.0,9.0,9.0,4
88,0,23.0,11.0,4.0,4.0,8.0,7.0,10.0,7.0,7.0,7.0,8.0,6.0,6.0,10.0,8.0,9.0,10.0,8.0,10.0,9.0,3.0,9.0,9.0,9.0,9.0,9.0,4
89,0,27.0,8.0,7.0,3.0,2.0,2.0,2.0,10.0,8.0,8.0,7.0,8.0,9.0,8.0,1.0,9.0,8.0,8.0,9.0,4.0,2.0,8.0,9.0,8.0,9.0,10.0,6
90,0,23.0,10.0,7.0,7.0,8.0,9.0,6.0,5.0,8.0,9.0,6.0,3.0,1.0,10.0,6.0,7.0,8.0,7.0,6.0,4.0,1.0,5.0,8.0,5.0,7.0,5.0,2
91,0,25.0,1.0,3.0,2.0,4.0,2.0,5.0,7.0,7.0,5.0,7.0,3.0,5.0,7.0,7.0,10.0,8.0,8.0,7.0,6.0,2.0,6.0,7.0,7.0,9.0,8.0,6
92,0,29.0,9.0,6.0,1.0,7.0,2.0,8.0,10.0,9.0,9.0,9.0,2.0,9.0,10.0,4.0,10.0,10.0,8.0,10.0,6.0,9.0,9.0,10.0,9.0,9.0,9.0,4
93,0,29.0,5.0,5.0,1.0,3.0,2.0,6.0,10.0,7.0,6.0,8.0,7.0,8.0,7.0,5.0,8.0,8.0,6.0,5.0,7.0,6.0,8.0,8.0,8.0,8.0,7.0,6
94,1,28.0,8.0,6.0,3.0,7.0,2.0,8.0,8.0,5.0,4.0,4.0,3.0,3.0,9.0,5.0,7.0,9.0,6.0,7.0,4.0,5.0,6.0,9.0,9.0,9.0,7.0,1
95,1,26.0,8.0,5.0,2.0,10.0,10.0,6.0,6.0,4.0,3.0,1.0,6.0,4.0,7.0,9.0,5.0,10.0,8.0,10.0,3.0,3.0,7.0,9.0,8.0,10.0,7.0,5
96,1,26.0,5.0,7.0,1.0,5.0,8.0,7.0,10.0,10.0,8.0,10.0,6.0,8.0,8.0,3.0,8.0,9.0,8.0,7.0,7.0,3.0,7.0,9.0,9.0,9.0,9.0,4
97,1,29.0,10.0,5.0,2.0,6.0,8.0,8.0,3.0,3.0,3.0,6.0,1.0,5.0,8.0,3.0,2.0,7.0,3.0,7.0,3.0,5.0,7.0,5.0,7.0,6.0,6.0,1
98,1,39.0,11.0,4.0,2.0,8.0,8.0,8.0,7.0,3.0,3.0,5.0,1.0,7.0,7.0,3.0,7.0,8.0,6.0,8.0,2.0,7.0,8.0,8.0,8.0,8.0,8.0,0
99,1,28.0,1.0,3.0,2.0,5.0,5.0,5.0,8.0,10.0,10.0,5.0,5.0,9.0,6.0,6.0,10.0,10.0,10.0,10.0,8.0,5.0,10.0,10.0,10.0,10.0,8.0,6
100,1,30.0,8.0,3.0,2.0,5.0,4.0,6.0,7.0,6.0,6.0,2.0,2.0,4.0,6.0,5.0,7.0,7.0,3.0,7.0,6.0,2.0,7.0,8.0,8.0,9.0,6.0,1
101,1,22.0,8.0,4.0,3.0,9.0,9.0,7.0,9.0,9.0,9.0,8.0,8.0,9.0,8.0,7.0,9.0,8.0,7.0,8.0,8.0,4.0,8.0,8.0,8.0,9.0,9.0,4
102,1,32.0,10.0,4.0,4.0,9.0,9.0,9.0,9.0,4.0,4.0,7.0,2.0,5.0,5.0,4.0,4.0,9.0,3.0,5.0,5.0,2.0,8.0,5.0,7.0,10.0,9.0,1
103,1,26.0,8.0,4.0,1.0,8.0,7.0,8.0,8.0,6.0,4.0,8.0,5.0,8.0,8.0,8.0,5.0,8.0,8.0,8.0,6.0,3.0,8.0,8.0,8.0,9.0,9.0,1
104,1,27.0,10.0,5.0,3.0,8.0,3.0,8.0,9.0,8.0,8.0,9.0,5.0,8.0,7.0,3.0,8.0,7.0,6.0,8.0,3.0,7.0,9.0,8.0,7.0,9.0,9.0,4
105,1,25.0,1.0,7.0,1.0,9.0,9.0,6.0,8.0,5.0,5.0,3.0,4.0,7.0,8.0,6.0,6.0,7.0,4.0,7.0,5.0,5.0,8.0,7.0,9.0,8.0,6.0,5
106,1,22.0,1.0,7.0,3.0,2.0,4.0,2.0,9.0,6.0,5.0,4.0,9.0,2.0,9.0,8.0,7.0,9.0,2.0,8.0,5.0,3.0,4.0,7.0,3.0,9.0,2.0,2
107,1,21.0,7.0,4.0,1.0,7.0,2.0,4.0,7.0,6.0,7.0,8.0,1.0,7.0,7.0,1.0,5.0,7.0,9.0,9.0,1.0,10.0,7.0,9.0,9.0,9.0,6.0,6
108,1,24.0,5.0,6.0,3.0,7.0,3.0,4.0,5.0,6.0,7.0,3.0,2.0,5.0,7.0,3.0,7.0,7.0,4.0,6.0,2.0,2.0,4.0,8.0,3.0,7.0,2.0,2
109,1,25.0,14.0,4.0,1.0,2.0,1.0,2.0,10.0,10.0,10.0,1.0,2.0,2.0,10.0,5.0,7.0,10.0,10.0,10.0,5.0,3.0,6.0,9.0,8.0,9.0,8.0,3
110,1,28.0,14.0,6.0,1.0,4.0,3.0,8.0,7.0,7.0,9.0,8.0,2.0,3.0,7.0,5.0,7.0,9.0,7.0,8.0,3.0,6.0,7.0,9.0,8.0,8.0,7.0,3
111,1,27.0,8.0,5.0,1.0,9.0,9.0,7.0,9.0,10.0,9.0,9.0,1.0,5.0,9.0,5.0,8.0,9.0,8.0,5.0,3.0,5.0,5.0,8.0,5.0,8.0,5.0,4
112,0,20.0,3.0,3.0,1.0,8.0,3.0,8.0,5.0,7.0,8.0,8.0,8.0,9.0,9.0,3.0,8.0,8.0,9.0,10.0,4.0,6.0,9.0,10.0,9.0,9.0,9.0,6
113,0,21.0,8.0,4.0,1.0,5.0,3.0,7.0,10.0,9.0,8.0,7.0,2.0,6.0,8.0,7.0,10.0,10.0,9.0,10.0,10.0,7.0,8.0,10.0,10.0,8.0,9.0,6
114,0,20.0,8.0,7.0,4.0,6.0,8.0,3.0,4.0,4.0,3.0,5.0,2.0,6.0,8.0,7.0,6.0,7.0,6.0,9.0,2.0,2.0,7.0,9.0,8.0,6.0,7.0,2
115,0,21.0,3.0,5.0,1.0,2.0,2.0,8.0,7.0,3.0,3.0,1.0,1.0,8.0,10.0,2.0,2.0,6.0,4.0,7.0,8.0,1.0,8.0,7.0,8.0,9.0,8.0,5
116,0,21.0,13.0,1.0,1.0,5.0,4.0,3.0,10.0,10.0,10.0,6.0,4.0,8.0,10.0,10.0,10.0,10.0,10.0,10.0,10.0,8.0,8.0,9.0,8.0,9.0,9.0,3
117,0,21.0,8.0,3.0,1.0,6.0,8.0,6.0,9.0,8.0,6.0,3.0,5.0,8.0,8.0,5.0,6.0,5.0,6.0,5.0,9.0,3.0,8.0,7.0,8.0,8.0,8.0,5
119,0,19.0,16.0,3.0,1.0,8.0,5.0,8.0,9.0,9.0,9.0,5.0,8.0,10.0,9.0,5.0,10.0,9.0,10.0,10.0,7.0,8.0,8.0,10.0,10.0,10.0,10.0,4
120,0,20.0,6.0,4.0,3.0,5.0,4.0,4.0,8.0,7.0,5.0,3.0,1.0,5.0,10.0,6.0,10.0,9.0,6.0,8.0,3.0,5.0,6.0,8.0,8.0,8.0,9.0,6
121,0,21.0,3.0,7.0,1.0,2.0,2.0,6.0,10.0,6.0,10.0,6.0,4.0,7.0,7.0,8.0,10.0,10.0,10.0,10.0,10.0,4.0,2.0,9.0,9.0,7.0,9.0,6
122,1,22.0,1.0,3.0,1.0,7.0,9.0,7.0,9.0,7.0,6.0,5.0,6.0,6.0,6.0,8.0,7.0,8.0,8.0,8.0,5.0,4.0,7.0,10.0,8.0,8.0,8.0,5
123,1,18.0,5.0,5.0,1.0,9.0,9.0,8.0,8.0,3.0,2.0,5.0,5.0,6.0,2.0,7.0,2.0,7.0,7.0,7.0,7.0,5.0,8.0,7.0,7.0,7.0,8.0,5
124,1,22.0,8.0,4.0,1.0,5.0,5.0,8.0,10.0,8.0,8.0,6.0,5.0,8.0,8.0,6.0,9.0,9.0,9.0,8.0,8.0,7.0,8.0,8.0,10.0,10.0,10.0,4
125,1,21.0,4.0,3.0,1.0,3.0,1.0,9.0,10.0,9.0,10.0,1.0,1.0,10.0,9.0,2.0,9.0,9.0,9.0,9.0,10.0,7.0,9.0,6.0,10.0,9.0,10.0,6
126,1,22.0,7.0,6.0,3.0,10.0,8.0,7.0,8.0,8.0,7.0,5.0,2.0,7.0,10.0,5.0,8.0,8.0,9.0,10.0,6.0,7.0,9.0,10.0,9.0,9.0,9.0,4
127,1,22.0,5.0,5.0,1.0,10.0,8.0,8.0,8.0,5.0,3.0,5.0,5.0,6.0,1.0,7.0,1.0,5.0,8.0,7.0,5.0,10.0,8.0,8.0,9.0,9.0,8.0,5
128,1,21.0,5.0,3.0,2.0,8.0,7.0,7.0,6.0,4.0,4.0,8.0,7.0,3.0,5.0,3.0,4.0,8.0,10.0,10.0,2.0,2.0,8.0,7.0,7.0,8.0,7.0,5
130,1,20.0,5.0,6.0,2.0,7.0,4.0,9.0,8.0,3.0,2.0,7.0,5.0,7.0,6.0,2.0,1.0,2.0,2.0,9.0,6.0,2.0,5.0,6.0,6.0,6.0,6.0,5
131,1,19.0,5.0,7.0,3.0,5.0,1.0,5.0,5.0,5.0,5.0,3.0,6.0,4.0,8.0,7.0,6.0,8.0,7.0,6.0,5.0,3.0,4.0,6.0,4.0,6.0,6.0,2
132,0,27.0,8.0,7.0,2.0,7.0,2.0,10.0,5.0,7.0,7.0,9.0,1.0,1.0,5.0,9.0,5.0,10.0,3.0,10.0,1.0,10.0,8.0,10.0,10.0,9.0,10.0,1
133,0,24.0,5.0,6.0,5.0,8.0,7.0,6.0,7.0,10.0,8.0,10.0,4.0,3.0,6.0,4.0,8.0,7.0,10.0,9.0,7.0,6.0,6.0,8.0,7.0,8.0,7.0,4
134,0,23.0,10.0,5.0,3.0,7.0,4.0,4.0,8.0,9.0,6.0,7.0,8.0,6.0,8.0,5.0,9.0,5.0,7.0,8.0,8.0,8.0,7.0,8.0,8.0,8.0,8.0,4
135,0,26.0,3.0,7.0,2.0,3.0,1.0,1.0,1.0,9.0,9.0,10.0,1.0,7.0,7.0,1.0,8.0,7.0,10.0,10.0,2.0,9.0,9.0,10.0,7.0,9.0,6.0,6
137,1,26.0,8.0,4.0,1.0,6.0,1.0,8.0,8.0,4.0,4.0,1.0,5.0,7.0,4.0,7.0,1.0,9.0,9.0,10.0,8.0,3.0,7.0,9.0,8.0,9.0,8.0,1
138,1,32.0,8.0,3.0,2.0,7.0,2.0,9.0,8.0,6.0,6.0,1.0,7.0,7.0,9.0,9.0,4.0,9.0,2.0,9.0,6.0,2.0,8.0,8.0,8.0,8.0,8.0,1
139,1,37.0,5.0,6.0,3.0,7.0,5.0,8.0,10.0,9.0,9.0,6.0,5.0,6.0,10.0,8.0,7.0,10.0,8.0,9.0,7.0,8.0,8.0,8.0,9.0,9.0,6.0,0
140,1,29.0,8.0,5.0,2.0,8.0,6.0,8.0,9.0,5.0,5.0,5.0,5.0,7.0,9.0,6.0,7.0,6.0,4.0,5.0,4.0,3.0,7.0,7.0,9.0,8.0,8.0,1
141,1,28.0,8.0,6.0,2.0,10.0,10.0,3.0,9.0,5.0,5.0,7.0,5.0,7.0,3.0,8.0,9.0,10.0,8.0,9.0,6.0,6.0,7.0,9.0,8.0,8.0,6.0,4
142,0,24.0,13.0,5.0,2.0,5.0,6.0,6.0,6.0,5.0,5.0,6.0,14.0,7.0,6.0,6.0,6.0,6.0,6.0,8.0,6.0,6.0,9.0,9.0,9.0,10.0,7.0,4
143,0,33.0,1.0,7.0,4.0,4.0,5.0,6.0,8.0,9.0,9.0,6.0,4.0,8.0,9.0,5.0,7.0,7.0,7.0,7.0,6.0,4.0,7.0,10.0,7.0,8.0,7.0,0
144,0,23.0,10.0,5.0,2.0,10.0,7.0,9.0,6.0,6.0,6.0,4.0,3.0,7.0,7.0,5.0,4.0,7.0,9.0,8.0,7.0,4.0,7.0,8.0,8.0,9.0,9.0,1
145,0,24.0,10.0,7.0,1.0,2.0,1.0,2.0,9.0,9.0,5.0,2.0,2.0,1.0,8.0,10.0,10.0,10.0,5.0,8.0,9.0,2.0,5.0,5.0,7.0,9.0,7.0,3
146,0,36.0,6.0,7.0,1.0,5.0,2.0,5.0,5.0,8.0,8.0,3.0,1.0,3.0,10.0,8.0,8.0,8.0,5.0,8.0,8.0,3.0,8.0,8.0,8.0,8.0,8.0,0
147,0,26.0,8.0,5.0,1.0,8.0,7.0,8.0,9.0,9.0,9.0,5.0,2.0,8.0,10.0,8.0,9.0,8.0,6.0,6.0,7.0,10.0,8.0,7.0,8.0,9.0,7.0,4
148,0,27.0,8.0,4.0,1.0,7.0,4.0,6.0,9.0,9.0,9.0,5.0,2.0,1.0,10.0,10.0,9.0,9.0,5.0,7.0,9.0,7.0,8.0,9.0,9.0,9.0,8.0,4
149,0,28.0,13.0,5.0,2.0,8.0,4.0,5.0,8.0,8.0,8.0,8.0,3.0,6.0,6.0,6.0,5.0,8.0,7.0,10.0,9.0,8.0,8.0,8.0,8.0,8.0,8.0,3
150,0,31.0,7.0,5.0,2.0,5.0,1.0,3.0,5.0,3.0,3.0,9.0,1.0,5.0,7.0,1.0,1.0,7.0,5.0,4.0,2.0,10.0,7.0,9.0,8.0,9.0,8.0,2
151,0,28.0,13.0,3.0,1.0,5.0,1.0,8.0,10.0,9.0,8.0,8.0,4.0,1.0,8.0,1.0,9.0,8.0,9.0,10.0,7.0,7.0,9.0,10.0,10.0,10.0,8.0,3
152,0,27.0,13.0,4.0,3.0,4.0,1.0,4.0,8.0,9.0,8.0,5.0,5.0,7.0,10.0,5.0,9.0,10.0,9.0,9.0,7.0,1.0,7.0,9.0,8.0,10.0,8.0,3
153,0,28.0,7.0,6.0,3.0,8.0,5.0,7.0,7.0,7.0,6.0,6.0,5.0,7.0,10.0,6.0,7.0,9.0,7.0,7.0,8.0,5.0,7.0,7.0,6.0,7.0,6.0,4
154,0,27.0,8.0,4.0,1.0,10.0,7.0,8.0,8.0,6.0,6.0,6.0,1.0,6.0,8.0,7.0,7.0,8.0,6.0,6.0,3.0,2.0,8.0,9.0,9.0,9.0,9.0,1
155,0,27.0,8.0,5.0,1.0,2.0,1.0,10.0,10.0,7.0,8.0,5.0,1.0,1.0,10.0,4.0,10.0,9.0,5.0,7.0,7.0,4.0,7.0,10.0,6.0,8.0,9.0,3
156,0,30.0,8.0,6.0,3.0,3.0,7.0,10.0,10.0,10.0,10.0,8.0,7.0,9.0,10.0,10.0,10.0,10.0,10.0,10.0,7.0,8.0,8.0,10.0,10.0,9.0,10.0,4
157,0,28.0,8.0,6.0,1.0,8.0,7.0,8.0,8.0,6.0,6.0,9.0,2.0,9.0,7.0,4.0,6.0,7.0,5.0,6.0,6.0,3.0,7.0,8.0,9.0,8.0,9.0,1
158,1,23.0,10.0,6.0,2.0,2.0,4.0,4.0,6.0,7.0,4.0,7.0,7.0,6.0,8.0,6.0,5.0,8.0,4.0,9.0,5.0,1.0,7.0,9.0,7.0,9.0,6.0,2
159,1,28.0,10.0,6.0,2.0,7.0,7.0,6.0,9.0,9.0,8.0,6.0,4.0,5.0,8.0,7.0,7.0,9.0,8.0,9.0,7.0,2.0,5.0,9.0,8.0,9.0,7.0,4
160,1,29.0,8.0,5.0,2.0,9.0,8.0,10.0,6.0,6.0,4.0,3.0,4.0,8.0,6.0,3.0,7.0,9.0,6.0,9.0,3.0,2.0,8.0,8.0,9.0,8.0,9.0,1
161,1,22.0,10.0,4.0,2.0,9.0,9.0,9.0,8.0,7.0,6.0,7.0,7.0,9.0,9.0,8.0,6.0,8.0,6.0,9.0,6.0,2.0,8.0,7.0,9.0,9.0,7.0,4
162,1,27.0,10.0,6.0,2.0,3.0,3.0,3.0,8.0,7.0,7.0,6.0,2.0,8.0,5.0,4.0,3.0,9.0,10.0,10.0,7.0,3.0,7.0,8.0,7.0,9.0,8.0,3
163,1,26.0,9.0,3.0,3.0,6.0,2.0,2.0,4.0,8.0,8.0,4.0,1.0,1.0,8.0,1.0,6.0,6.0,4.0,6.0,2.0,1.0,7.0,8.0,8.0,9.0,7.0,2
164,1,27.0,7.0,6.0,2.0,7.0,5.0,5.0,6.0,7.0,7.0,7.0,1.0,3.0,7.0,2.0,5.0,6.0,4.0,6.0,2.0,2.0,7.0,9.0,6.0,9.0,4.0,2
165,1,30.0,13.0,6.0,3.0,3.0,1.0,6.0,6.0,7.0,7.0,2.0,1.0,1.0,10.0,8.0,8.0,8.0,5.0,5.0,2.0,2.0,8.0,6.0,7.0,9.0,2.0,3
166,1,26.0,8.0,5.0,2.0,5.0,5.0,9.0,4.0,4.0,2.0,5.0,1.0,3.0,9.0,1.0,5.0,8.0,7.0,10.0,1.0,7.0,7.0,7.0,7.0,7.0,7.0,2
167,1,23.0,10.0,6.0,2.0,9.0,9.0,8.0,6.0,8.0,8.0,9.0,2.0,5.0,6.0,5.0,6.0,8.0,6.0,7.0,3.0,2.0,6.0,7.0,7.0,7.0,5.0,1
168,1,23.0,10.0,4.0,2.0,5.0,5.0,3.0,5.0,5.0,5.0,5.0,3.0,3.0,5.0,3.0,5.0,5.0,5.0,3.0,3.0,3.0,5.0,5.0,5.0,5.0,5.0,2
169,1,28.0,10.0,6.0,2.0,10.0,7.0,8.0,9.0,9.0,7.0,7.0,1.0,6.0,4.0,2.0,7.0,6.0,8.0,8.0,4.0,4.0,7.0,9.0,7.0,8.0,7.0,1
170,1,28.0,10.0,5.0,3.0,2.0,1.0,8.0,8.0,8.0,8.0,5.0,3.0,1.0,9.0,8.0,7.0,8.0,6.0,8.0,4.0,5.0,7.0,8.0,6.0,9.0,8.0,3
171,1,29.0,8.0,4.0,2.0,8.0,2.0,8.0,8.0,5.0,5.0,5.0,2.0,8.0,9.0,6.0,6.0,9.0,4.0,9.0,7.0,1.0,10.0,10.0,10.0,10.0,10.0,1
172,1,27.0,8.0,3.0,1.0,7.0,8.0,7.0,8.0,4.0,5.0,5.0,6.0,8.0,7.0,4.0,6.0,8.0,8.0,7.0,6.0,3.0,5.0,6.0,9.0,8.0,9.0,1
173,1,22.0,2.0,4.0,1.0,10.0,8.0,9.0,6.0,5.0,6.0,7.0,4.0,8.0,7.0,4.0,5.0,6.0,9.0,10.0,3.0,6.0,7.0,9.0,9.0,9.0,9.0,5
174,0,29.0,8.0,5.0,3.0,5.0,4.0,6.0,6.0,8.0,8.0,4.0,4.0,6.0,8.0,4.0,6.0,5.0,9.0,9.0,6.0,5.0,9.0,10.0,8.0,8.0,6.0,0
175,0,23.0,13.0,3.0,1.0,8.0,2.0,6.0,8.0,7.0,7.0,3.0,3.0,6.0,6.0,5.0,6.0,5.0,6.0,9.0,5.0,3.0,7.0,10.0,8.0,8.0,9.0,1
176,0,28.0,8.0,6.0,3.0,7.0,6.0,5.0,10.0,10.0,9.0,7.0,4.0,4.0,5.0,5.0,8.0,8.0,8.0,8.0,6.0,3.0,6.0,9.0,7.0,8.0,6.0,4
177,0,22.0,13.0,5.0,2.0,5.0,9.0,6.0,8.0,6.0,4.0,2.0,3.0,7.0,9.0,7.0,6.0,7.0,3.0,4.0,5.0,1.0,9.0,9.0,8.0,9.0,9.0,1
178,0,35.0,3.0,4.0,2.0,3.0,4.0,7.0,9.0,8.0,8.0,8.0,2.0,9.0,8.0,8.0,8.0,8.0,8.0,9.0,6.0,8.0,9.0,9.0,7.0,8.0,7.0,0
179,0,30.0,6.0,6.0,3.0,5.0,5.0,10.0,10.0,7.0,7.0,5.0,1.0,7.0,10.0,1.0,8.0,8.0,7.0,9.0,10.0,9.0,8.0,10.0,6.0,8.0,10.0,0
180,0,24.0,8.0,4.0,2.0,7.0,7.0,5.0,9.0,5.0,5.0,8.0,5.0,9.0,6.0,7.0,9.0,9.0,7.0,8.0,9.0,7.0,9.0,9.0,10.0,9.0,9.0,4
181,0,22.0,4.0,5.0,5.0,3.0,6.0,5.0,9.0,9.0,9.0,6.0,3.0,9.0,9.0,9.0,9.0,9.0,9.0,9.0,9.0,6.0,9.0,9.0,9.0,9.0,9.0,6
182,0,22.0,4.0,4.0,3.0,5.0,6.0,2.0,8.0,3.0,2.0,1.0,4.0,1.0,7.0,8.0,2.0,6.0,4.0,10.0,8.0,1.0,8.0,8.0,8.0,8.0,10.0,5
183,0,24.0,11.0,7.0,3.0,9.0,6.0,8.0,9.0,8.0,8.0,9.0,9.0,9.0,7.0,8.0,8.0,9.0,9.0,10.0,8.0,1.0,9.0,7.0,9.0,9.0,7.0,4
184,1,34.0,8.0,4.0,2.0,5.0,2.0,4.0,8.0,8.0,7.0,8.0,3.0,8.0,8.0,3.0,9.0,8.0,5.0,6.0,2.0,8.0,6.0,10.0,7.0,9.0,5.0,0
185,1,25.0,2.0,7.0,4.0,8.0,7.0,8.0,8.0,8.0,9.0,6.0,7.0,8.0,9.0,9.0,9.0,9.0,8.0,9.0,9.0,9.0,10.0,10.0,7.0,8.0,8.0,4
186,1,24.0,5.0,7.0,3.0,5.0,1.0,4.0,9.0,5.0,3.0,6.0,1.0,1.0,6.0,7.0,4.0,7.0,8.0,8.0,6.0,3.0,4.0,8.0,4.0,7.0,6.0,2
187,1,26.0,8.0,4.0,1.0,3.0,5.0,10.0,5.0,10.0,10.0,1.0,2.0,1.0,10.0,5.0,8.0,8.0,10.0,10.0,1.0,1.0,8.0,9.0,7.0,10.0,7.0,3
188,1,21.0,5.0,3.0,1.0,2.0,1.0,5.0,10.0,8.0,8.0,5.0,7.0,5.0,7.0,3.0,5.0,5.0,5.0,7.0,7.0,3.0,7.0,5.0,7.0,10.0,10.0,6
189,1,27.0,1.0,6.0,2.0,8.0,7.0,8.0,5.0,7.0,7.0,7.0,7.0,7.0,9.0,5.0,7.0,9.0,7.0,8.0,4.0,7.0,8.0,8.0,8.0,8.0,9.0,5
190,1,25.0,13.0,7.0,3.0,7.0,7.0,8.0,3.0,2.0,2.0,6.0,5.0,9.0,8.0,2.0,4.0,7.0,9.0,10.0,3.0,1.0,7.0,7.0,7.0,7.0,7.0,1
191,1,28.0,8.0,4.0,2.0,8.0,1.0,7.0,8.0,6.0,6.0,6.0,1.0,8.0,7.0,3.0,4.0,8.0,4.0,7.0,1.0,7.0,7.0,7.0,6.0,7.0,8.0,1
192,1,24.0,8.0,6.0,2.0,7.0,5.0,7.0,7.0,3.0,2.0,6.0,8.0,7.0,9.0,6.0,3.0,6.0,7.0,8.0,4.0,5.0,7.0,10.0,9.0,9.0,10.0,1
193,1,25.0,1.0,6.0,2.0,8.0,10.0,7.0,9.0,9.0,8.0,1.0,1.0,4.0,10.0,10.0,10.0,10.0,9.0,9.0,9.0,5.0,7.0,9.0,5.0,10.0,7.0,5
194,0,24.0,3.0,3.0,2.0,8.0,6.0,6.0,9.0,6.0,6.0,4.0,8.0,7.0,9.0,9.0,6.0,9.0,5.0,7.0,9.0,4.0,9.0,10.0,8.0,10.0,10.0,5
195,0,27.0,10.0,2.0,1.0,7.0,6.0,9.0,8.0,5.0,5.0,9.0,9.0,8.0,10.0,1.0,3.0,4.0,3.0,6.0,5.0,1.0,9.0,8.0,10.0,10.0,8.0,1
196,0,25.0,7.0,1.0,1.0,3.0,3.0,6.0,7.0,7.0,7.0,8.0,6.0,8.0,6.0,8.0,9.0,9.0,9.0,9.0,7.0,9.0,9.0,9.0,9.0,9.0,9.0,6
197,0,24.0,13.0,4.0,3.0,6.0,1.0,4.0,10.0,8.0,8.0,4.0,7.0,5.0,9.0,6.0,5.0,10.0,8.0,10.0,7.0,3.0,7.0,8.0,9.0,9.0,7.0,3
198,0,23.0,13.0,2.0,3.0,6.0,8.0,6.0,9.0,8.0,8.0,9.0,5.0,7.0,4.0,9.0,9.0,9.0,9.0,9.0,10.0,4.0,7.0,9.0,7.0,9.0,7.0,4
199,0,30.0,7.0,5.0,3.0,8.0,3.0,10.0,10.0,10.0,10.0,1.0,1.0,7.0,10.0,4.0,7.0,8.0,3.0,5.0,7.0,1.0,9.0,7.0,7.0,9.0,9.0,0
200,0,25.0,8.0,7.0,2.0,10.0,3.0,9.0,8.0,7.0,7.0,10.0,3.0,6.0,8.0,1.0,8.0,8.0,9.0,10.0,3.0,4.0,8.0,10.0,8.0,8.0,8.0,1
201,0,25.0,8.0,4.0,2.0,8.0,8.0,8.0,8.0,7.0,7.0,7.0,8.0,7.0,7.0,7.0,7.0,7.0,7.0,7.0,7.0,6.0,7.0,8.0,9.0,9.0,8.0,4
202,0,22.0,2.0,6.0,2.0,8.0,8.0,9.0,7.0,6.0,4.0,4.0,1.0,6.0,8.0,7.0,7.0,9.0,6.0,7.0,7.0,1.0,7.0,10.0,9.0,10.0,8.0,5
203,0,22.0,2.0,6.0,2.0,3.0,1.0,8.0,6.0,4.0,2.0,2.0,1.0,6.0,7.0,10.0,6.0,8.0,3.0,7.0,9.0,2.0,9.0,8.0,9.0,10.0,7.0,5
204,0,26.0,8.0,5.0,1.0,10.0,5.0,9.0,9.0,10.0,10.0,3.0,1.0,9.0,8.0,4.0,5.0,5.0,3.0,8.0,10.0,7.0,9.0,5.0,9.0,10.0,10.0,1
205,0,23.0,10.0,7.0,1.0,8.0,2.0,6.0,8.0,6.0,6.0,7.0,2.0,6.0,9.0,3.0,3.0,8.0,5.0,6.0,3.0,5.0,7.0,8.0,9.0,10.0,5.0,1
206,0,31.0,8.0,5.0,1.0,5.0,5.0,5.0,9.0,7.0,7.0,7.0,7.0,9.0,9.0,5.0,7.0,7.0,7.0,9.0,5.0,7.0,8.0,8.0,8.0,8.0,8.0,0
207,0,23.0,10.0,3.0,1.0,10.0,8.0,8.0,7.0,5.0,5.0,2.0,3.0,4.0,3.0,7.0,7.0,6.0,5.0,7.0,9.0,6.0,8.0,8.0,10.0,8.0,9.0,1
208,0,25.0,10.0,4.0,3.0,9.0,7.0,7.0,9.0,10.0,10.0,10.0,5.0,8.0,8.0,5.0,7.0,9.0,10.0,10.0,9.0,8.0,9.0,10.0,10.0,10.0,10.0,4
209,0,28.0,13.0,6.0,2.0,3.0,2.0,6.0,8.0,5.0,5.0,6.0,8.0,8.0,3.0,6.0,7.0,8.0,7.0,10.0,3.0,3.0,7.0,9.0,8.0,7.0,8.0,3
210,0,29.0,10.0,6.0,3.0,9.0,3.0,9.0,8.0,9.0,9.0,9.0,1.0,2.0,9.0,5.0,7.0,7.0,7.0,7.0,5.0,1.0,8.0,8.0,6.0,9.0,9.0,0
211,0,28.0,13.0,4.0,1.0,9.0,8.0,9.0,10.0,9.0,9.0,5.0,8.0,1.0,9.0,9.0,10.0,10.0,9.0,7.0,10.0,7.0,7.0,9.0,9.0,9.0,9.0,4
212,0,27.0,8.0,5.0,2.0,8.0,5.0,8.0,8.0,8.0,8.0,8.0,6.0,9.0,8.0,8.0,8.0,8.0,6.0,7.0,8.0,3.0,7.0,9.0,7.0,8.0,9.0,4
213,0,25.0,13.0,4.0,2.0,8.0,7.0,9.0,8.0,8.0,7.0,6.0,7.0,7.0,8.0,7.0,10.0,10.0,8.0,9.0,8.0,5.0,8.0,10.0,9.0,9.0,9.0,4
214,1,23.0,10.0,6.0,2.0,9.0,3.0,10.0,8.0,6.0,7.0,7.0,4.0,7.0,3.0,1.0,9.0,6.0,4.0,6.0,7.0,1.0,8.0,10.0,10.0,9.0,8.0,1
215,1,26.0,8.0,4.0,1.0,8.0,6.0,9.0,9.0,6.0,4.0,2.0,7.0,6.0,9.0,5.0,2.0,9.0,2.0,7.0,9.0,2.0,7.0,8.0,9.0,9.0,9.0,1
216,1,27.0,8.0,5.0,3.0,2.0,1.0,2.0,7.0,7.0,5.0,3.0,5.0,1.0,13.0,6.0,6.0,7.0,6.0,5.0,2.0,1.0,5.0,10.0,9.0,9.0,10.0,2
217,1,26.0,10.0,4.0,2.0,1.0,2.0,8.0,7.0,8.0,8.0,10.0,1.0,2.0,10.0,4.0,8.0,6.0,10.0,10.0,1.0,7.0,7.0,10.0,7.0,10.0,10.0,3
218,1,24.0,10.0,4.0,2.0,9.0,3.0,5.0,7.0,9.0,10.0,7.0,3.0,7.0,5.0,1.0,5.0,7.0,8.0,8.0,6.0,1.0,7.0,6.0,3.0,10.0,10.0,1
219,1,26.0,8.0,3.0,2.0,8.0,2.0,7.0,7.0,7.0,8.0,3.0,3.0,6.0,7.0,2.0,6.0,7.0,7.0,10.0,3.0,10.0,7.0,7.0,6.0,9.0,6.0,1
220,1,25.0,13.0,5.0,2.0,9.0,9.0,5.0,10.0,9.0,10.0,10.0,6.0,8.0,10.0,2.0,5.0,5.0,5.0,9.0,5.0,5.0,10.0,10.0,10.0,10.0,10.0,4
221,1,27.0,8.0,6.0,3.0,5.0,6.0,3.0,7.0,6.0,3.0,4.0,3.0,7.0,8.0,7.0,8.0,8.0,4.0,4.0,4.0,1.0,7.0,9.0,7.0,9.0,9.0,2
222,1,27.0,2.0,6.0,3.0,5.0,1.0,6.0,8.0,10.0,9.0,6.0,4.0,7.0,9.0,1.0,9.0,9.0,10.0,8.0,3.0,1.0,4.0,9.0,7.0,9.0,4.0,6
223,1,28.0,7.0,4.0,2.0,8.0,7.0,6.0,6.0,8.0,7.0,6.0,7.0,8.0,9.0,6.0,5.0,10.0,6.0,7.0,5.0,2.0,7.0,8.0,7.0,9.0,6.0,1
224,1,32.0,3.0,7.0,4.0,6.0,4.0,4.0,7.0,5.0,5.0,5.0,6.0,8.0,10.0,1.0,8.0,9.0,2.0,4.0,1.0,8.0,8.0,10.0,8.0,8.0,8.0,0
225,1,28.0,8.0,7.0,2.0,10.0,8.0,3.0,8.0,8.0,8.0,7.0,3.0,9.0,8.0,8.0,9.0,7.0,9.0,9.0,2.0,6.0,5.0,9.0,7.0,6.0,7.0,4
226,1,23.0,8.0,3.0,1.0,10.0,7.0,8.0,6.0,7.0,7.0,3.0,2.0,8.0,4.0,5.0,6.0,7.0,4.0,9.0,2.0,4.0,10.0,10.0,10.0,10.0,10.0,1
227,1,26.0,8.0,6.0,3.0,7.0,7.0,7.0,10.0,9.0,7.0,2.0,6.0,5.0,10.0,8.0,8.0,9.0,5.0,7.0,5.0,1.0,7.0,10.0,8.0,10.0,10.0,4
228,1,24.0,10.0,7.0,3.0,3.0,1.0,2.0,8.0,4.0,5.0,8.0,4.0,6.0,9.0,2.0,4.0,7.0,8.0,9.0,2.0,8.0,5.0,8.0,4.0,7.0,8.0,2
229,1,28.0,10.0,6.0,3.0,8.0,5.0,7.0,7.0,1.0,1.0,5.0,3.0,3.0,8.0,5.0,1.0,5.0,2.0,6.0,1.0,1.0,8.0,7.0,5.0,10.0,10.0,2
230,1,42.0,13.0,7.0,3.0,1.0,1.0,2.0,1.0,10.0,10.0,10.0,1.0,1.0,10.0,10.0,10.0,10.0,5.0,10.0,10.0,6.0,6.0,6.0,6.0,6.0,6.0,0
231,1,30.0,13.0,6.0,3.0,5.0,2.0,7.0,9.0,9.0,6.0,8.0,1.0,9.0,9.0,1.0,8.0,9.0,9.0,10.0,1.0,7.0,8.0,8.0,8.0,9.0,3.0,0
232,1,31.0,13.0,5.0,4.0,5.0,5.0,9.0,8.0,7.0,8.0,9.0,3.0,8.0,7.0,4.0,6.0,8.0,7.0,7.0,3.0,5.0,8.0,8.0,8.0,8.0,6.0,0
233,1,29.0,13.0,3.0,2.0,10.0,9.0,8.0,10.0,8.0,8.0,7.0,9.0,8.0,5.0,10.0,8.0,10.0,10.0,10.0,8.0,6.0,7.0,8.0,8.0,7.0,8.0,4
234,0,22.0,3.0,7.0,3.0,5.0,3.0,10.0,10.0,9.0,5.0,2.0,1.0,4.0,9.0,5.0,6.0,5.0,5.0,9.0,7.0,4.0,7.0,7.0,8.0,8.0,10.0,6
235,0,23.0,9.0,4.0,3.0,1.0,3.0,3.0,10.0,9.0,10.0,2.0,1.0,7.0,7.0,1.0,9.0,9.0,6.0,10.0,10.0,7.0,6.0,9.0,9.0,8.0,9.0,3
236,0,24.0,10.0,7.0,1.0,9.0,6.0,3.0,7.0,9.0,9.0,7.0,1.0,8.0,7.0,5.0,4.0,7.0,4.0,10.0,4.0,2.0,7.0,9.0,10.0,8.0,8.0,1
237,0,34.0,7.0,7.0,4.0,1.0,1.0,10.0,7.0,8.0,9.0,9.0,1.0,1.0,10.0,6.0,8.0,6.0,2.0,9.0,2.0,10.0,8.0,10.0,7.0,8.0,8.0,0
238,0,27.0,15.0,2.0,1.0,8.0,5.0,8.0,8.0,10.0,10.0,8.0,2.0,8.0,7.0,5.0,9.0,9.0,10.0,10.0,7.0,6.0,10.0,9.0,10.0,9.0,8.0,4
239,0,34.0,10.0,6.0,3.0,3.0,3.0,5.0,8.0,8.0,7.0,8.0,1.0,6.0,9.0,6.0,8.0,8.0,6.0,7.0,1.0,8.0,7.0,9.0,7.0,9.0,4.0,0
240,0,26.0,8.0,6.0,3.0,10.0,10.0,9.0,10.0,10.0,8.0,9.0,14.0,9.0,10.0,10.0,10.0,10.0,10.0,10.0,10.0,3.0,3.0,8.0,5.0,3.0,6.0,4
241,0,29.0,8.0,4.0,2.0,8.0,1.0,5.0,7.0,7.0,7.0,4.0,1.0,3.0,4.0,1.0,3.0,4.0,6.0,7.0,6.0,3.0,8.0,10.0,8.0,8.0,8.0,1
242,0,26.0,3.0,7.0,3.0,6.0,5.0,5.0,8.0,10.0,10.0,9.0,4.0,9.0,10.0,1.0,9.0,10.0,10.0,10.0,1.0,8.0,7.0,9.0,7.0,8.0,4.0,6
243,1,27.0,16.0,6.0,2.0,7.0,2.0,7.0,9.0,5.0,8.0,5.0,7.0,3.0,9.0,5.0,5.0,9.0,8.0,8.0,6.0,2.0,7.0,9.0,8.0,9.0,5.0,3
244,1,28.0,8.0,5.0,3.0,5.0,2.0,10.0,8.0,6.0,4.0,9.0,1.0,3.0,13.0,9.0,8.0,9.0,3.0,4.0,3.0,1.0,7.0,10.0,7.0,10.0,10.0,2
245,1,32.0,7.0,5.0,2.0,3.0,1.0,2.0,6.0,7.0,8.0,4.0,8.0,6.0,9.0,2.0,7.0,8.0,6.0,6.0,1.0,6.0,5.0,7.0,6.0,8.0,7.0,0
246,1,25.0,10.0,7.0,6.0,6.0,5.0,5.0,7.0,5.0,5.0,3.0,2.0,6.0,8.0,8.0,9.0,9.0,8.0,9.0,5.0,2.0,7.0,8.0,6.0,7.0,6.0,3
247,1,25.0,10.0,6.0,4.0,5.0,4.0,7.0,1.0,3.0,2.0,9.0,4.0,2.0,5.0,3.0,3.0,3.0,3.0,3.0,2.0,6.0,5.0,10.0,2.0,8.0,4.0,2
248,1,27.0,8.0,4.0,1.0,7.0,1.0,8.0,7.0,5.0,1.0,8.0,6.0,8.0,6.0,3.0,7.0,7.0,4.0,7.0,6.0,1.0,5.0,6.0,8.0,8.0,8.0,1
249,1,33.0,8.0,3.0,1.0,7.0,9.0,1.0,10.0,8.0,6.0,1.0,1.0,6.0,10.0,7.0,3.0,8.0,8.0,5.0,4.0,1.0,7.0,9.0,7.0,10.0,7.0,0
250,1,25.0,6.0,2.0,1.0,7.0,2.0,8.0,10.0,10.0,10.0,6.0,1.0,2.0,10.0,1.0,9.0,9.0,10.0,10.0,6.0,5.0,10.0,9.0,9.0,10.0,10.0,6
251,1,33.0,7.0,4.0,1.0,7.0,6.0,1.0,6.0,8.0,8.0,5.0,8.0,4.0,9.0,7.0,6.0,9.0,6.0,8.0,2.0,3.0,8.0,10.0,9.0,10.0,9.0,0
252,0,28.0,13.0,6.0,2.0,4.0,3.0,3.0,8.0,7.0,6.0,7.0,4.0,9.0,9.0,2.0,9.0,9.0,9.0,9.0,9.0,2.0,9.0,9.0,9.0,9.0,10.0,3
253,0,33.0,3.0,6.0,6.0,5.0,3.0,5.0,8.0,10.0,10.0,6.0,1.0,6.0,10.0,7.0,7.0,10.0,7.0,7.0,7.0,3.0,8.0,10.0,9.0,8.0,7.0,0
254,0,22.0,7.0,6.0,2.0,8.0,2.0,6.0,10.0,9.0,9.0,8.0,1.0,7.0,9.0,8.0,9.0,9.0,7.0,7.0,7.0,8.0,8.0,7.0,8.0,10.0,8.0,6
255,0,26.0,10.0,7.0,3.0,6.0,8.0,9.0,6.0,6.0,6.0,4.0,2.0,5.0,6.0,4.0,7.0,7.0,8.0,8.0,9.0,1.0,6.0,8.0,6.0,7.0,6.0,1
256,0,24.0,4.0,6.0,4.0,5.0,3.0,6.0,7.0,6.0,5.0,6.0,5.0,5.0,5.0,8.0,6.0,8.0,8.0,8.0,9.0,3.0,6.0,9.0,6.0,8.0,6.0,6
257,0,24.0,9.0,5.0,1.0,7.0,1.0,6.0,9.0,10.0,10.0,10.0,3.0,4.0,10.0,2.0,5.0,10.0,10.0,10.0,4.0,10.0,7.0,9.0,7.0,9.0,10.0,3
258,0,25.0,9.0,6.0,1.0,9.0,6.0,7.0,7.0,8.0,3.0,10.0,4.0,1.0,10.0,3.0,8.0,5.0,2.0,6.0,6.0,2.0,6.0,10.0,8.0,9.0,5.0,2
259,0,25.0,10.0,7.0,1.0,8.0,3.0,7.0,8.0,7.0,7.0,4.0,2.0,7.0,8.0,6.0,7.0,7.0,5.0,7.0,5.0,6.0,7.0,9.0,8.0,8.0,9.0,1
260,0,27.0,10.0,7.0,3.0,9.0,6.0,7.0,9.0,5.0,5.0,6.0,2.0,3.0,9.0,6.0,7.0,7.0,9.0,9.0,5.0,3.0,6.0,9.0,7.0,9.0,6.0,1
261,0,26.0,10.0,7.0,2.0,6.0,4.0,3.0,9.0,9.0,8.0,3.0,5.0,8.0,9.0,2.0,9.0,9.0,9.0,9.0,4.0,6.0,5.0,8.0,7.0,7.0,8.0,3
262,0,29.0,3.0,6.0,3.0,9.0,9.0,8.0,7.0,7.0,3.0,7.0,1.0,3.0,10.0,4.0,1.0,7.0,5.0,8.0,1.0,1.0,6.0,10.0,5.0,9.0,3.0,2
263,0,26.0,3.0,6.0,2.0,1.0,1.0,1.0,5.0,7.0,7.0,7.0,1.0,3.0,9.0,4.0,7.0,7.0,7.0,8.0,9.0,6.0,8.0,8.0,8.0,8.0,5.0,6
264,0,26.0,6.0,6.0,2.0,7.0,1.0,7.0,5.0,7.0,8.0,6.0,1.0,5.0,9.0,7.0,4.0,8.0,2.0,6.0,2.0,1.0,8.0,7.0,8.0,9.0,5.0,2
265,0,32.0,1.0,5.0,2.0,2.0,9.0,8.0,8.0,7.0,8.0,2.0,1.0,2.0,10.0,6.0,7.0,10.0,8.0,9.0,2.0,1.0,7.0,9.0,7.0,10.0,10.0,0
266,0,28.0,16.0,7.0,3.0,5.0,4.0,5.0,4.0,7.0,8.0,8.0,1.0,6.0,5.0,1.0,4.0,10.0,6.0,7.0,2.0,6.0,8.0,8.0,7.0,7.0,4.0,3
267,0,26.0,10.0,3.0,3.0,4.0,8.0,5.0,9.0,7.0,6.0,4.0,7.0,8.0,3.0,9.0,5.0,9.0,4.0,9.0,10.0,2.0,7.0,6.0,5.0,7.0,7.0,1
268,0,24.0,4.0,6.0,1.0,8.0,6.0,6.0,5.0,4.0,3.0,6.0,5.0,5.0,8.0,4.0,5.0,5.0,4.0,4.0,4.0,4.0,9.0,9.0,8.0,9.0,9.0,2
269,0,24.0,7.0,6.0,2.0,4.0,1.0,8.0,8.0,8.0,10.0,7.0,3.0,1.0,10.0,3.0,6.0,6.0,6.0,9.0,4.0,2.0,8.0,8.0,6.0,8.0,7.0,2
270,0,23.0,10.0,5.0,1.0,8.0,4.0,6.0,9.0,8.0,7.0,8.0,4.0,6.0,9.0,2.0,7.0,5.0,6.0,7.0,6.0,4.0,5.0,4.0,7.0,8.0,6.0,1
271,0,23.0,11.0,4.0,1.0,8.0,7.0,10.0,9.0,10.0,10.0,5.0,5.0,6.0,7.0,7.0,9.0,9.0,9.0,8.0,9.0,5.0,9.0,10.0,10.0,9.0,10.0,4
272,0,25.0,11.0,4.0,1.0,6.0,7.0,10.0,10.0,9.0,8.0,7.0,6.0,8.0,9.0,9.0,9.0,9.0,9.0,10.0,9.0,8.0,9.0,10.0,10.0,9.0,10.0,4
273,1,29.0,10.0,5.0,2.0,6.0,1.0,5.0,7.0,7.0,4.0,8.0,1.0,3.0,2.0,5.0,7.0,8.0,8.0,8.0,3.0,2.0,7.0,10.0,5.0,7.0,7.0,2
274,1,24.0,3.0,4.0,2.0,3.0,3.0,4.0,7.0,6.0,5.0,4.0,5.0,1.0,10.0,7.0,6.0,8.0,9.0,10.0,8.0,7.0,7.0,7.0,10.0,9.0,9.0,6
275,1,21.0,5.0,4.0,3.0,9.0,1.0,10.0,6.0,7.0,7.0,4.0,6.0,5.0,10.0,1.0,9.0,7.0,7.0,9.0,5.0,9.0,10.0,7.0,6.0,10.0,10.0,6
276,1,26.0,10.0,4.0,1.0,6.0,2.0,8.0,9.0,8.0,9.0,2.0,3.0,6.0,9.0,1.0,4.0,7.0,6.0,7.0,2.0,2.0,7.0,6.0,7.0,10.0,8.0,1
277,1,25.0,10.0,7.0,5.0,10.0,6.0,10.0,5.0,8.0,8.0,10.0,5.0,3.0,8.0,2.0,7.0,8.0,6.0,6.0,1.0,2.0,4.0,8.0,8.0,8.0,5.0,2
278,1,32.0,5.0,3.0,1.0,8.0,1.0,5.0,9.0,9.0,9.0,9.0,5.0,8.0,9.0,5.0,7.0,9.0,9.0,9.0,5.0,1.0,8.0,8.0,8.0,8.0,8.0,0
279,1,25.0,10.0,4.0,2.0,7.0,1.0,6.0,5.0,2.0,3.0,5.0,3.0,4.0,9.0,6.0,3.0,8.0,1.0,2.0,1.0,1.0,8.0,9.0,6.0,10.0,7.0,2
280,1,25.0,10.0,6.0,2.0,8.0,1.0,5.0,5.0,6.0,5.0,5.0,4.0,2.0,10.0,2.0,7.0,10.0,7.0,8.0,2.0,2.0,5.0,9.0,5.0,8.0,6.0,2
281,1,27.0,3.0,5.0,5.0,4.0,4.0,2.0,4.0,7.0,5.0,8.0,1.0,2.0,6.0,2.0,6.0,8.0,7.0,5.0,3.0,9.0,7.0,8.0,6.0,8.0,5.0,2
282,1,23.0,5.0,4.0,3.0,10.0,10.0,10.0,5.0,4.0,4.0,4.0,7.0,8.0,9.0,5.0,7.0,7.0,7.0,10.0,5.0,1.0,7.0,9.0,9.0,7.0,10.0,5
283,1,27.0,5.0,4.0,2.0,9.0,6.0,6.0,6.0,4.0,4.0,8.0,6.0,6.0,8.0,1.0,5.0,3.0,3.0,7.0,2.0,7.0,9.0,9.0,9.0,9.0,9.0,1
284,1,27.0,8.0,5.0,2.0,9.0,2.0,5.0,7.0,7.0,9.0,8.0,1.0,5.0,9.0,5.0,5.0,9.0,8.0,9.0,8.0,5.0,7.0,6.0,7.0,8.0,7.0,3
285,1,24.0,5.0,6.0,6.0,5.0,7.0,6.0,10.0,9.0,10.0,9.0,14.0,5.0,9.0,7.0,3.0,10.0,10.0,10.0,10.0,10.0,8.0,10.0,10.0,10.0,8.0,4
286,1,22.0,2.0,6.0,3.0,7.0,3.0,4.0,3.0,8.0,7.0,9.0,9.0,4.0,8.0,6.0,8.0,7.0,8.0,6.0,3.0,8.0,3.0,6.0,6.0,7.0,7.0,6
287,1,22.0,13.0,7.0,3.0,2.0,1.0,5.0,7.0,2.0,2.0,9.0,6.0,4.0,10.0,8.0,8.0,10.0,8.0,8.0,8.0,8.0,7.0,10.0,5.0,7.0,10.0,3
288,1,27.0,3.0,6.0,3.0,9.0,5.0,3.0,8.0,5.0,5.0,6.0,4.0,4.0,9.0,2.0,6.0,7.0,5.0,7.0,2.0,2.0,5.0,8.0,7.0,8.0,7.0,2
289,1,28.0,8.0,4.0,1.0,10.0,6.0,1.0,7.0,3.0,6.0,10.0,5.0,3.0,10.0,6.0,5.0,7.0,6.0,8.0,2.0,1.0,4.0,9.0,10.0,8.0,8.0,2
290,1,34.0,10.0,5.0,2.0,7.0,1.0,8.0,7.0,7.0,4.0,3.0,2.0,1.0,10.0,1.0,3.0,5.0,9.0,10.0,2.0,5.0,5.0,4.0,5.0,10.0,9.0,0
291,1,27.0,10.0,3.0,2.0,9.0,7.0,7.0,7.0,7.0,7.0,5.0,6.0,5.0,7.0,5.0,6.0,7.0,5.0,8.0,5.0,5.0,6.0,9.0,7.0,9.0,9.0,1
292,1,28.0,13.0,2.0,1.0,10.0,5.0,8.0,8.0,7.0,5.0,10.0,7.0,9.0,7.0,4.0,7.0,9.0,5.0,10.0,1.0,1.0,8.0,10.0,8.0,10.0,10.0,1
293,1,28.0,8.0,5.0,2.0,6.0,9.0,7.0,10.0,8.0,7.0,6.0,6.0,8.0,9.0,6.0,9.0,9.0,8.0,8.0,6.0,4.0,7.0,10.0,9.0,9.0,9.0,4
294,0,30.0,9.0,6.0,2.0,7.0,8.0,4.0,9.0,10.0,10.0,1.0,1.0,7.0,10.0,3.0,10.0,9.0,7.0,8.0,8.0,5.0,9.0,10.0,7.0,9.0,7.0,0
295,0,30.0,9.0,6.0,1.0,7.0,8.0,8.0,5.0,7.0,5.0,3.0,1.0,2.0,10.0,7.0,10.0,10.0,8.0,8.0,5.0,8.0,7.0,10.0,8.0,8.0,8.0,0
296,0,28.0,9.0,4.0,2.0,4.0,5.0,2.0,8.0,8.0,7.0,6.0,5.0,9.0,9.0,9.0,8.0,7.0,8.0,10.0,9.0,7.0,8.0,9.0,6.0,10.0,9.0,3
297,0,21.0,9.0,2.0,1.0,5.0,2.0,8.0,8.0,10.0,10.0,3.0,3.0,5.0,10.0,8.0,10.0,10.0,8.0,8.0,8.0,6.0,8.0,10.0,9.0,8.0,9.0,3
298,0,22.0,6.0,6.0,2.0,3.0,1.0,3.0,5.0,10.0,10.0,3.0,1.0,4.0,10.0,5.0,10.0,10.0,10.0,10.0,9.0,7.0,7.0,10.0,9.0,10.0,10.0,6
299,0,24.0,11.0,6.0,2.0,7.0,1.0,7.0,8.0,9.0,8.0,9.0,4.0,9.0,9.0,6.0,7.0,9.0,7.0,9.0,5.0,4.0,6.0,9.0,9.0,8.0,9.0,3
300,0,35.0,3.0,6.0,2.0,8.0,2.0,8.0,9.0,10.0,10.0,7.0,2.0,5.0,8.0,2.0,10.0,8.0,8.0,10.0,4.0,2.0,8.0,9.0,9.0,9.0,10.0,0
301,0,34.0,9.0,4.0,1.0,5.0,3.0,9.0,10.0,7.0,8.0,5.0,1.0,5.0,9.0,5.0,9.0,10.0,9.0,9.0,5.0,9.0,9.0,9.0,8.0,9.0,8.0,0
302,0,21.0,3.0,3.0,1.0,10.0,10.0,9.0,7.0,5.0,6.0,6.0,6.0,8.0,5.0,7.0,7.0,7.0,9.0,9.0,6.0,6.0,8.0,8.0,8.0,8.0,10.0,5
303,0,33.0,9.0,5.0,1.0,7.0,1.0,9.0,9.0,9.0,7.0,7.0,1.0,1.0,10.0,2.0,9.0,9.0,8.0,9.0,5.0,1.0,8.0,10.0,9.0,8.0,6.0,0
304,0,28.0,3.0,7.0,2.0,10.0,1.0,8.0,7.0,7.0,8.0,2.0,1.0,4.0,8.0,1.0,8.0,9.0,7.0,7.0,8.0,9.0,6.0,10.0,10.0,8.0,8.0,6
305,0,29.0,9.0,4.0,1.0,8.0,2.0,7.0,10.0,7.0,7.0,8.0,2.0,7.0,8.0,7.0,8.0,9.0,7.0,7.0,9.0,8.0,7.0,9.0,8.0,9.0,5.0,4
306,0,22.0,9.0,6.0,3.0,6.0,6.0,9.0,8.0,5.0,5.0,7.0,4.0,5.0,6.0,9.0,9.0,9.0,5.0,5.0,9.0,5.0,6.0,9.0,8.0,8.0,8.0,4
307,0,27.0,9.0,7.0,2.0,10.0,8.0,10.0,9.0,8.0,9.0,10.0,1.0,5.0,10.0,7.0,10.0,10.0,8.0,10.0,9.0,3.0,5.0,8.0,7.0,8.0,8.0,4
308,1,27.0,9.0,7.0,2.0,7.0,7.0,7.0,8.0,8.0,8.0,8.0,7.0,3.0,7.0,9.0,8.0,9.0,7.0,8.0,7.0,7.0,7.0,10.0,8.0,8.0,7.0,4
309,1,32.0,9.0,3.0,2.0,6.0,4.0,4.0,9.0,8.0,10.0,8.0,5.0,7.0,9.0,6.0,8.0,9.0,8.0,10.0,4.0,4.0,7.0,8.0,9.0,9.0,7.0,0
310,1,25.0,5.0,3.0,1.0,2.0,2.0,3.0,7.0,6.0,6.0,3.0,8.0,5.0,9.0,8.0,7.0,9.0,5.0,6.0,5.0,3.0,7.0,6.0,8.0,7.0,4.0,6
311,1,29.0,8.0,6.0,1.0,10.0,8.0,9.0,10.0,7.0,6.0,8.0,9.0,1.0,7.0,4.0,6.0,8.0,10.0,10.0,9.0,8.0,9.0,9.0,10.0,9.0,3.0,4
312,1,23.0,15.0,4.0,2.0,7.0,7.0,5.0,7.0,9.0,8.0,10.0,5.0,3.0,8.0,5.0,6.0,9.0,7.0,8.0,2.0,1.0,8.0,7.0,7.0,9.0,9.0,3
313,1,27.0,8.0,4.0,1.0,9.0,8.0,6.0,8.0,6.0,3.0,6.0,1.0,9.0,6.0,3.0,2.0,7.0,8.0,10.0,5.0,1.0,7.0,8.0,8.0,8.0,6.0,1
314,1,32.0,13.0,6.0,2.0,9.0,2.0,7.0,8.0,6.0,4.0,2.0,2.0,2.0,6.0,7.0,3.0,7.0,6.0,8.0,8.0,8.0,8.0,8.0,8.0,9.0,7.0,1
315,1,27.0,5.0,5.0,3.0,8.0,2.0,2.0,8.0,8.0,8.0,8.0,2.0,8.0,7.0,1.0,8.0,9.0,7.0,7.0,2.0,2.0,6.0,10.0,6.0,8.0,7.0,2
316,1,25.0,8.0,4.0,1.0,9.0,3.0,5.0,7.0,6.0,6.0,6.0,4.0,6.0,9.0,5.0,4.0,4.0,7.0,9.0,4.0,1.0,6.0,8.0,7.0,8.0,9.0,1
317,1,30.0,8.0,4.0,1.0,8.0,1.0,5.0,10.0,6.0,10.0,4.0,3.0,8.0,4.0,1.0,10.0,10.0,8.0,9.0,1.0,1.0,7.0,3.0,8.0,8.0,5.0,0
318,1,29.0,8.0,6.0,1.0,8.0,4.0,8.0,6.0,4.0,5.0,7.0,7.0,7.0,7.0,6.0,7.0,8.0,5.0,8.0,7.0,6.0,6.0,10.0,6.0,10.0,10.0,1
319,1,26.0,9.0,7.0,2.0,8.0,7.0,5.0,7.0,5.0,4.0,8.0,7.0,1.0,5.0,7.0,2.0,2.0,10.0,9.0,2.0,3.0,5.0,10.0,6.0,9.0,3.0,2
320,1,36.0,7.0,5.0,5.0,4.0,1.0,9.0,9.0,8.0,4.0,6.0,3.0,1.0,10.0,1.0,5.0,7.0,2.0,5.0,2.0,1.0,8.0,8.0,9.0,9.0,7.0,0
321,1,29.0,8.0,5.0,1.0,7.0,4.0,4.0,8.0,5.0,5.0,4.0,2.0,7.0,5.0,2.0,6.0,8.0,6.0,7.0,2.0,1.0,6.0,8.0,7.0,7.0,8.0,1
322,0,34.0,3.0,2.0,2.0,8.0,7.0,7.0,6.0,6.0,6.0,9.0,3.0,6.0,7.0,2.0,8.0,8.0,8.0,8.0,3.0,1.0,5.0,9.0,8.0,7.0,7.0,0
323,0,25.0,5.0,4.0,3.0,5.0,7.0,7.0,7.0,8.0,7.0,7.0,6.0,6.0,7.0,8.0,9.0,9.0,8.0,8.0,8.0,6.0,7.0,9.0,6.0,8.0,3.0,4
324,0,23.0,3.0,4.0,2.0,8.0,8.0,6.0,10.0,8.0,8.0,9.0,6.0,9.0,7.0,8.0,10.0,8.0,10.0,10.0,7.0,7.0,9.0,9.0,9.0,9.0,8.0,4
325,0,30.0,3.0,6.0,2.0,5.0,7.0,9.0,9.0,9.0,9.0,7.0,7.0,7.0,9.0,7.0,9.0,9.0,9.0,9.0,4.0,6.0,7.0,9.0,7.0,8.0,8.0,4
326,0,36.0,9.0,6.0,4.0,2.0,2.0,3.0,8.0,8.0,8.0,2.0,2.0,6.0,9.0,6.0,10.0,8.0,10.0,10.0,10.0,8.0,8.0,9.0,6.0,9.0,8.0,0
327,0,29.0,13.0,6.0,3.0,1.0,1.0,5.0,10.0,8.0,7.0,7.0,1.0,6.0,10.0,1.0,9.0,8.0,9.0,9.0,1.0,5.0,7.0,7.0,9.0,8.0,10.0,3
328,0,30.0,9.0,3.0,1.0,8.0,3.0,10.0,10.0,10.0,10.0,10.0,1.0,5.0,10.0,7.0,10.0,10.0,10.0,10.0,5.0,10.0,7.0,10.0,8.0,10.0,10.0,4
329,0,29.0,9.0,6.0,2.0,3.0,2.0,7.0,7.0,10.0,10.0,3.0,1.0,4.0,10.0,2.0,10.0,7.0,6.0,8.0,2.0,1.0,8.0,9.0,5.0,8.0,8.0,0
330,0,22.0,5.0,7.0,3.0,8.0,7.0,7.0,8.0,5.0,5.0,2.0,2.0,9.0,5.0,7.0,2.0,8.0,4.0,9.0,5.0,2.0,8.0,10.0,9.0,7.0,9.0,5
331,0,34.0,9.0,6.0,3.0,4.0,7.0,4.0,6.0,7.0,7.0,10.0,2.0,1.0,9.0,3.0,7.0,7.0,9.0,9.0,4.0,10.0,7.0,9.0,9.0,7.0,4.0,0
332,1,30.0,3.0,7.0,4.0,7.0,2.0,8.0,5.0,10.0,10.0,7.0,3.0,7.0,9.0,5.0,8.0,10.0,5.0,9.0,7.0,1.0,5.0,10.0,6.0,6.0,10.0,0
333,1,23.0,8.0,3.0,1.0,10.0,5.0,10.0,7.0,3.0,1.0,10.0,5.0,3.0,8.0,2.0,4.0,8.0,2.0,4.0,3.0,6.0,7.0,4.0,7.0,9.0,9.0,1
334,1,29.0,8.0,5.0,3.0,9.0,4.0,9.0,9.0,8.0,8.0,5.0,6.0,8.0,5.0,5.0,6.0,6.0,3.0,5.0,8.0,5.0,8.0,7.0,8.0,8.0,9.0,1
335,1,24.0,3.0,3.0,3.0,9.0,1.0,9.0,4.0,7.0,7.0,4.0,1.0,4.0,8.0,6.0,5.0,4.0,3.0,8.0,5.0,7.0,8.0,7.0,9.0,8.0,8.0,1
336,1,25.0,17.0,5.0,2.0,5.0,4.0,4.0,5.0,8.0,10.0,4.0,1.0,1.0,9.0,4.0,6.0,10.0,10.0,10.0,3.0,4.0,5.0,9.0,7.0,7.0,9.0,3
337,1,28.0,5.0,5.0,3.0,9.0,9.0,8.0,8.0,8.0,7.0,5.0,4.0,6.0,7.0,5.0,7.0,8.0,7.0,6.0,4.0,4.0,6.0,6.0,6.0,6.0,6.0,1
338,1,27.0,5.0,4.0,2.0,4.0,2.0,7.0,6.0,8.0,8.0,8.0,6.0,6.0,8.0,4.0,10.0,10.0,7.0,7.0,5.0,10.0,7.0,9.0,7.0,9.0,10.0,6
341,0,23.0,13.0,6.0,1.0,1.0,2.0,1.0,10.0,9.0,9.0,8.0,1.0,6.0,10.0,10.0,10.0,10.0,10.0,10.0,9.0,10.0,7.0,9.0,9.0,7.0,9.0,3
342,0,33.0,9.0,6.0,3.0,3.0,4.0,4.0,10.0,9.0,10.0,1.0,1.0,8.0,7.0,10.0,8.0,10.0,1.0,4.0,10.0,4.0,10.0,10.0,10.0,10.0,10.0,0
343,0,32.0,10.0,2.0,1.0,6.0,3.0,3.0,10.0,10.0,10.0,8.0,2.0,3.0,5.0,4.0,8.0,9.0,9.0,9.0,9.0,7.0,4.0,8.0,6.0,10.0,7.0,0
344,0,26.0,13.0,4.0,3.0,9.0,7.0,5.0,6.0,7.0,6.0,4.0,3.0,9.0,4.0,4.0,9.0,9.0,9.0,9.0,9.0,5.0,7.0,7.0,8.0,8.0,9.0,4
345,0,24.0,10.0,7.0,4.0,5.0,1.0,10.0,6.0,5.0,5.0,3.0,4.0,8.0,9.0,6.0,7.0,7.0,8.0,9.0,6.0,9.0,7.0,9.0,7.0,9.0,7.0,3
347,0,26.0,9.0,6.0,1.0,1.0,1.0,2.0,10.0,3.0,3.0,1.0,1.0,8.0,2.0,5.0,3.0,8.0,1.0,7.0,10.0,1.0,8.0,6.0,10.0,10.0,10.0,1
348,0,21.0,9.0,6.0,1.0,3.0,5.0,1.0,10.0,10.0,10.0,2.0,1.0,9.0,10.0,7.0,10.0,7.0,7.0,7.0,10.0,5.0,6.0,10.0,10.0,10.0,10.0,3
349,0,33.0,3.0,4.0,2.0,2.0,3.0,10.0,8.0,7.0,8.0,7.0,1.0,6.0,7.0,4.0,8.0,8.0,8.0,9.0,6.0,7.0,7.0,8.0,8.0,9.0,7.0,0
350,0,31.0,10.0,7.0,3.0,9.0,2.0,10.0,9.0,8.0,8.0,8.0,7.0,7.0,9.0,9.0,9.0,9.0,9.0,9.0,5.0,7.0,7.0,10.0,6.0,8.0,8.0,4
351,0,35.0,9.0,5.0,4.0,5.0,2.0,5.0,10.0,10.0,10.0,7.0,2.0,3.0,10.0,3.0,10.0,10.0,10.0,10.0,5.0,5.0,8.0,10.0,7.0,8.0,9.0,0
352,0,29.0,9.0,4.0,3.0,8.0,5.0,10.0,10.0,10.0,10.0,8.0,4.0,5.0,5.0,8.0,9.0,9.0,10.0,10.0,7.0,7.0,9.0,10.0,9.0,9.0,8.0,4
353,0,25.0,9.0,2.0,1.0,3.0,4.0,5.0,8.0,9.0,9.0,8.0,8.0,5.0,6.0,4.0,9.0,9.0,8.0,9.0,8.0,5.0,6.0,6.0,6.0,6.0,6.0,3
354,0,22.0,3.0,6.0,1.0,10.0,10.0,10.0,10.0,8.0,8.0,1.0,1.0,1.0,8.0,10.0,10.0,10.0,10.0,10.0,10.0,6.0,7.0,7.0,10.0,8.0,8.0,5
355,0,24.0,3.0,4.0,3.0,9.0,1.0,7.0,8.0,7.0,7.0,7.0,1.0,9.0,9.0,2.0,9.0,9.0,9.0,9.0,9.0,2.0,6.0,10.0,8.0,8.0,8.0,6
356,0,27.0,3.0,7.0,2.0,10.0,9.0,8.0,10.0,8.0,5.0,7.0,1.0,5.0,8.0,9.0,8.0,9.0,7.0,10.0,5.0,6.0,7.0,10.0,8.0,9.0,6.0,5
357,0,27.0,9.0,4.0,2.0,2.0,6.0,10.0,10.0,10.0,10.0,8.0,1.0,7.0,10.0,6.0,10.0,8.0,7.0,7.0,8.0,1.0,6.0,10.0,7.0,7.0,6.0,3
358,0,26.0,8.0,5.0,3.0,6.0,2.0,7.0,10.0,4.0,5.0,2.0,4.0,9.0,9.0,6.0,5.0,8.0,4.0,5.0,7.0,3.0,8.0,7.0,8.0,8.0,7.0,1
359,0,26.0,6.0,6.0,3.0,2.0,1.0,1.0,7.0,2.0,2.0,6.0,8.0,1.0,10.0,3.0,7.0,8.0,8.0,8.0,1.0,4.0,7.0,10.0,2.0,9.0,8.0,2
360,0,24.0,3.0,6.0,2.0,9.0,7.0,6.0,9.0,7.0,8.0,9.0,9.0,1.0,7.0,6.0,7.0,7.0,10.0,10.0,7.0,8.0,8.0,10.0,8.0,8.0,8.0,4
361,1,34.0,1.0,6.0,6.0,3.0,1.0,3.0,5.0,9.0,10.0,3.0,3.0,4.0,10.0,6.0,8.0,9.0,7.0,7.0,3.0,2.0,7.0,7.0,5.0,7.0,9.0,0
362,1,30.0,1.0,4.0,3.0,8.0,2.0,1.0,9.0,6.0,6.0,6.0,4.0,7.0,6.0,4.0,6.0,6.0,6.0,6.0,7.0,2.0,7.0,7.0,9.0,8.0,8.0,6
363,1,23.0,5.0,6.0,2.0,3.0,3.0,9.0,10.0,4.0,5.0,8.0,6.0,9.0,7.0,5.0,5.0,8.0,7.0,5.0,8.0,5.0,5.0,7.0,8.0,8.0,3.0,6
364,1,27.0,8.0,4.0,2.0,9.0,7.0,9.0,9.0,4.0,3.0,3.0,5.0,1.0,9.0,5.0,4.0,7.0,5.0,6.0,8.0,1.0,8.0,8.0,8.0,9.0,9.0,1
365,1,30.0,8.0,2.0,1.0,7.0,3.0,3.0,9.0,9.0,10.0,8.0,4.0,8.0,8.0,1.0,5.0,7.0,9.0,10.0,5.0,5.0,8.0,2.0,9.0,9.0,9.0,0
366,1,27.0,8.0,4.0,1.0,6.0,6.0,4.0,8.0,9.0,9.0,7.0,6.0,8.0,9.0,4.0,6.0,7.0,10.0,10.0,8.0,6.0,6.0,8.0,9.0,8.0,10.0,4
367,1,27.0,13.0,4.0,1.0,6.0,7.0,8.0,8.0,5.0,5.0,3.0,4.0,8.0,5.0,6.0,3.0,3.0,7.0,8.0,7.0,2.0,7.0,7.0,8.0,7.0,5.0,1
368,1,24.0,13.0,4.0,2.0,4.0,6.0,4.0,8.0,9.0,7.0,3.0,8.0,9.0,9.0,9.0,7.0,9.0,8.0,9.0,8.0,4.0,6.0,8.0,8.0,8.0,7.0,3
369,1,25.0,3.0,5.0,3.0,2.0,6.0,2.0,6.0,7.0,7.0,7.0,1.0,1.0,10.0,3.0,7.0,5.0,6.0,8.0,1.0,1.0,6.0,9.0,9.0,10.0,7.0,2
370,1,28.0,8.0,4.0,1.0,7.0,8.0,7.0,7.0,6.0,6.0,3.0,1.0,6.0,7.0,2.0,2.0,2.0,5.0,9.0,4.0,1.0,8.0,6.0,9.0,9.0,9.0,1
371,1,27.0,8.0,7.0,1.0,10.0,7.0,7.0,3.0,3.0,3.0,3.0,3.0,3.0,4.0,5.0,3.0,6.0,10.0,10.0,1.0,7.0,10.0,8.0,10.0,10.0,10.0,1
372,1,27.0,8.0,5.0,2.0,9.0,10.0,8.0,9.0,9.0,9.0,7.0,4.0,2.0,9.0,6.0,8.0,6.0,7.0,7.0,4.0,2.0,7.0,8.0,8.0,9.0,8.0,4
373,1,29.0,8.0,5.0,2.0,7.0,5.0,8.0,8.0,7.0,6.0,3.0,5.0,9.0,8.0,2.0,3.0,4.0,5.0,9.0,8.0,2.0,9.0,8.0,9.0,9.0,9.0,1
374,1,30.0,8.0,4.0,2.0,10.0,10.0,8.0,7.0,8.0,8.0,5.0,5.0,6.0,5.0,6.0,9.0,10.0,9.0,8.0,4.0,4.0,6.0,7.0,6.0,7.0,7.0,4
375,1,27.0,8.0,3.0,1.0,9.0,8.0,5.0,8.0,4.0,4.0,2.0,2.0,7.0,5.0,6.0,5.0,6.0,3.0,6.0,7.0,3.0,8.0,9.0,9.0,8.0,9.0,1
376,1,25.0,8.0,5.0,2.0,4.0,1.0,4.0,10.0,5.0,6.0,7.0,7.0,3.0,3.0,9.0,7.0,9.0,5.0,6.0,9.0,5.0,6.0,10.0,8.0,9.0,10.0,6
377,1,26.0,8.0,5.0,1.0,7.0,9.0,6.0,6.0,3.0,3.0,1.0,7.0,8.0,6.0,8.0,5.0,8.0,7.0,8.0,6.0,2.0,7.0,8.0,8.0,7.0,7.0,5
378,1,29.0,8.0,5.0,2.0,9.0,5.0,10.0,5.0,4.0,4.0,2.0,1.0,8.0,7.0,3.0,3.0,8.0,5.0,8.0,5.0,2.0,6.0,7.0,7.0,9.0,7.0,1
379,0,38.0,8.0,7.0,2.0,4.0,4.0,6.0,7.0,8.0,8.0,7.0,2.0,2.0,6.0,7.0,7.0,9.0,6.0,6.0,3.0,5.0,6.0,9.0,6.0,8.0,9.0,0
380,0,33.0,14.0,7.0,4.0,7.0,8.0,8.0,8.0,5.0,5.0,3.0,1.0,5.0,5.0,7.0,7.0,10.0,9.0,9.0,9.0,9.0,4.0,7.0,9.0,9.0,9.0,0
381,0,24.0,14.0,4.0,1.0,5.0,5.0,5.0,7.0,8.0,8.0,6.0,5.0,6.0,9.0,6.0,4.0,8.0,7.0,8.0,8.0,7.0,7.0,7.0,10.0,9.0,8.0,3
382,0,28.0,14.0,7.0,3.0,6.0,5.0,10.0,10.0,9.0,9.0,6.0,8.0,3.0,8.0,10.0,8.0,10.0,9.0,9.0,9.0,1.0,7.0,7.0,7.0,7.0,10.0,4
383,0,27.0,9.0,6.0,2.0,9.0,7.0,9.0,9.0,8.0,8.0,5.0,1.0,5.0,6.0,9.0,4.0,9.0,8.0,7.0,7.0,4.0,7.0,9.0,7.0,6.0,6.0,4
384,0,23.0,9.0,5.0,3.0,8.0,5.0,7.0,9.0,10.0,10.0,3.0,3.0,7.0,6.0,7.0,10.0,10.0,5.0,6.0,6.0,3.0,8.0,8.0,9.0,8.0,9.0,4
385,0,25.0,9.0,5.0,3.0,7.0,5.0,8.0,10.0,10.0,10.0,10.0,6.0,8.0,9.0,6.0,10.0,10.0,8.0,10.0,9.0,8.0,8.0,8.0,6.0,8.0,6.0,4
386,0,26.0,3.0,7.0,2.0,1.0,3.0,5.0,8.0,7.0,7.0,2.0,5.0,7.0,8.0,8.0,9.0,9.0,8.0,8.0,8.0,3.0,7.0,8.0,9.0,9.0,9.0,6
387,0,25.0,3.0,7.0,2.0,5.0,5.0,8.0,8.0,6.0,6.0,4.0,3.0,8.0,7.0,7.0,8.0,8.0,7.0,7.0,8.0,2.0,8.0,8.0,8.0,8.0,8.0,5
388,0,24.0,3.0,4.0,2.0,7.0,4.0,8.0,7.0,3.0,3.0,5.0,3.0,4.0,7.0,6.0,6.0,7.0,6.0,6.0,6.0,4.0,8.0,8.0,7.0,8.0,8.0,5
389,0,21.0,1.0,3.0,1.0,7.0,8.0,5.0,8.0,7.0,7.0,10.0,2.0,1.0,10.0,7.0,8.0,8.0,10.0,10.0,7.0,8.0,8.0,10.0,9.0,7.0,5.0,6
390,0,30.0,9.0,4.0,3.0,6.0,1.0,6.0,10.0,6.0,6.0,8.0,1.0,4.0,10.0,6.0,8.0,8.0,8.0,8.0,4.0,6.0,8.0,8.0,8.0,8.0,8.0,0
391,0,28.0,6.0,4.0,1.0,8.0,1.0,6.0,8.0,6.0,7.0,9.0,1.0,9.0,9.0,1.0,3.0,5.0,5.0,5.0,4.0,2.0,8.0,9.0,9.0,9.0,7.0,1
392,0,26.0,6.0,4.0,3.0,4.0,3.0,3.0,9.0,10.0,9.0,9.0,1.0,3.0,10.0,6.0,8.0,10.0,5.0,10.0,7.0,7.0,4.0,7.0,7.0,8.0,7.0,6
393,0,22.0,6.0,7.0,1.0,3.0,2.0,3.0,5.0,9.0,9.0,4.0,3.0,4.0,9.0,6.0,7.0,8.0,7.0,7.0,5.0,4.0,7.0,9.0,8.0,8.0,8.0,6
394,0,24.0,6.0,4.0,2.0,3.0,1.0,4.0,9.0,8.0,8.0,10.0,1.0,1.0,10.0,6.0,9.0,9.0,8.0,7.0,7.0,2.0,9.0,8.0,7.0,7.0,7.0,6
395,0,33.0,6.0,4.0,2.0,3.0,4.0,4.0,10.0,8.0,8.0,6.0,1.0,8.0,9.0,3.0,10.0,10.0,7.0,9.0,7.0,8.0,8.0,8.0,7.0,9.0,7.0,0
396,0,25.0,15.0,7.0,2.0,3.0,8.0,7.0,10.0,10.0,10.0,7.0,7.0,7.0,10.0,9.0,10.0,10.0,10.0,10.0,7.0,7.0,8.0,10.0,10.0,10.0,8.0,4
397,1,24.0,1.0,5.0,2.0,9.0,8.0,8.0,6.0,7.0,7.0,6.0,2.0,6.0,7.0,5.0,7.0,8.0,4.0,7.0,5.0,1.0,7.0,7.0,7.0,10.0,9.0,5
398,1,29.0,8.0,3.0,1.0,4.0,1.0,2.0,10.0,7.0,7.0,9.0,9.0,8.0,7.0,7.0,7.0,9.0,6.0,5.0,6.0,2.0,7.0,6.0,10.0,7.0,8.0,6
399,1,29.0,8.0,4.0,2.0,9.0,2.0,9.0,9.0,9.0,9.0,7.0,3.0,5.0,9.0,1.0,6.0,7.0,8.0,10.0,3.0,8.0,9.0,9.0,9.0,9.0,9.0,0
400,1,26.0,8.0,4.0,2.0,7.0,4.0,7.0,7.0,6.0,6.0,6.0,1.0,8.0,7.0,1.0,7.0,7.0,6.0,7.0,1.0,1.0,7.0,10.0,6.0,8.0,7.0,1
401,1,31.0,8.0,4.0,1.0,10.0,1.0,4.0,8.0,8.0,8.0,8.0,2.0,5.0,5.0,1.0,8.0,8.0,10.0,10.0,7.0,3.0,8.0,5.0,7.0,10.0,5.0,0
402,1,29.0,2.0,4.0,2.0,10.0,2.0,6.0,9.0,6.0,6.0,9.0,7.0,4.0,3.0,3.0,5.0,8.0,4.0,4.0,6.0,9.0,6.0,8.0,7.0,10.0,9.0,1
403,1,22.0,5.0,5.0,3.0,9.0,8.0,3.0,7.0,4.0,3.0,5.0,3.0,3.0,5.0,6.0,5.0,8.0,3.0,6.0,2.0,1.0,4.0,8.0,7.0,9.0,9.0,2
404,1,23.0,5.0,5.0,2.0,10.0,5.0,8.0,10.0,8.0,8.0,9.0,7.0,9.0,8.0,4.0,5.0,8.0,7.0,8.0,6.0,3.0,6.0,9.0,7.0,8.0,8.0,5
405,1,30.0,13.0,5.0,5.0,6.0,1.0,6.0,9.0,8.0,9.0,2.0,6.0,8.0,8.0,6.0,10.0,9.0,7.0,9.0,9.0,5.0,8.0,8.0,10.0,9.0,10.0,3
406,1,27.0,8.0,6.0,2.0,4.0,6.0,8.0,9.0,6.0,7.0,8.0,6.0,6.0,7.0,7.0,8.0,9.0,7.0,10.0,2.0,1.0,6.0,7.0,8.0,8.0,9.0,1
407,1,24.0,14.0,4.0,2.0,8.0,4.0,7.0,9.0,9.0,9.0,7.0,4.0,2.0,9.0,5.0,7.0,10.0,9.0,9.0,7.0,7.0,7.0,9.0,8.0,7.0,8.0,3
408,1,24.0,13.0,7.0,1.0,7.0,7.0,9.0,8.0,9.0,8.0,3.0,5.0,1.0,6.0,2.0,4.0,8.0,6.0,10.0,2.0,1.0,8.0,7.0,10.0,8.0,9.0,1
409,1,23.0,5.0,6.0,3.0,10.0,4.0,1.0,4.0,7.0,8.0,10.0,2.0,8.0,7.0,2.0,6.0,8.0,10.0,10.0,5.0,2.0,7.0,9.0,8.0,9.0,8.0,6
410,1,27.0,8.0,5.0,1.0,10.0,8.0,5.0,8.0,1.0,1.0,8.0,10.0,1.0,8.0,2.0,2.0,4.0,4.0,5.0,1.0,1.0,7.0,10.0,6.0,10.0,10.0,2
411,1,34.0,8.0,4.0,1.0,7.0,6.0,6.0,7.0,7.0,6.0,3.0,3.0,1.0,8.0,1.0,7.0,6.0,7.0,10.0,8.0,3.0,8.0,6.0,9.0,7.0,5.0,0
412,1,27.0,8.0,5.0,2.0,10.0,10.0,10.0,5.0,8.0,8.0,0.0,7.0,3.0,8.0,6.0,5.0,5.0,8.0,8.0,4.0,4.0,7.0,7.0,8.0,8.0,8.0,1
415,1,31.0,8.0,4.0,2.0,1.0,1.0,6.0,6.0,7.0,5.0,1.0,1.0,3.0,10.0,1.0,6.0,6.0,3.0,7.0,1.0,1.0,7.0,8.0,4.0,10.0,8.0,2
417,0,29.0,3.0,5.0,3.0,6.0,1.0,4.0,5.0,8.0,8.0,8.0,3.0,5.0,7.0,2.0,6.0,7.0,7.0,6.0,3.0,8.0,7.0,8.0,4.0,8.0,8.0,0
418,0,25.0,1.0,7.0,2.0,2.0,2.0,5.0,9.0,7.0,8.0,6.0,5.0,6.0,10.0,8.0,8.0,10.0,7.0,9.0,7.0,7.0,7.0,9.0,7.0,8.0,5.0,6
419,0,28.0,11.0,2.0,1.0,6.0,2.0,5.0,8.0,5.0,6.0,5.0,2.0,9.0,9.0,8.0,9.0,9.0,6.0,6.0,4.0,7.0,9.0,8.0,5.0,9.0,3.0,3
420,0,22.0,11.0,4.0,2.0,8.0,4.0,5.0,10.0,8.0,8.0,7.0,4.0,3.0,9.0,7.0,8.0,7.0,4.0,5.0,6.0,4.0,8.0,9.0,7.0,10.0,7.0,3
421,0,25.0,11.0,4.0,3.0,1.0,1.0,1.0,8.0,5.0,5.0,1.0,5.0,5.0,5.0,8.0,10.0,10.0,5.0,10.0,10.0,5.0,7.0,7.0,6.0,6.0,6.0,3
422,1,26.0,8.0,4.0,2.0,7.0,2.0,8.0,9.0,9.0,9.0,10.0,2.0,4.0,7.0,5.0,9.0,8.0,6.0,6.0,7.0,9.0,8.0,10.0,8.0,8.0,8.0,4
423,1,30.0,8.0,4.0,1.0,9.0,2.0,9.0,8.0,7.0,7.0,7.0,6.0,5.0,9.0,5.0,5.0,8.0,7.0,5.0,5.0,4.0,7.0,9.0,8.0,9.0,9.0,1
424,1,24.0,5.0,6.0,3.0,7.0,7.0,7.0,7.0,5.0,5.0,6.0,7.0,5.0,5.0,7.0,5.0,8.0,5.0,7.0,8.0,5.0,7.0,7.0,7.0,7.0,7.0,5
425,1,28.0,8.0,4.0,2.0,7.0,8.0,8.0,8.0,7.0,6.0,5.0,2.0,7.0,5.0,5.0,6.0,7.0,5.0,7.0,2.0,2.0,6.0,9.0,6.0,9.0,9.0,1
426,1,24.0,8.0,2.0,1.0,7.0,2.0,7.0,8.0,6.0,4.0,3.0,2.0,6.0,5.0,3.0,7.0,6.0,6.0,6.0,4.0,2.0,8.0,8.0,8.0,10.0,9.0,1
427,1,28.0,13.0,7.0,3.0,10.0,1.0,10.0,8.0,7.0,7.0,9.0,1.0,3.0,8.0,1.0,4.0,5.0,7.0,10.0,1.0,10.0,7.0,10.0,8.0,7.0,9.0,1
428,1,27.0,8.0,2.0,1.0,6.0,5.0,5.0,9.0,6.0,7.0,6.0,5.0,6.0,7.0,5.0,6.0,7.0,5.0,7.0,7.0,3.0,8.0,8.0,7.0,9.0,9.0,1
429,1,27.0,8.0,2.0,2.0,7.0,8.0,8.0,9.0,8.0,8.0,8.0,6.0,7.0,9.0,8.0,8.0,8.0,8.0,8.0,7.0,6.0,8.0,8.0,9.0,9.0,8.0,4
430,0,22.0,9.0,6.0,2.0,10.0,10.0,10.0,6.0,3.0,2.0,4.0,2.0,4.0,4.0,8.0,9.0,9.0,8.0,8.0,5.0,4.0,5.0,8.0,8.0,5.0,8.0,5
431,0,27.0,9.0,7.0,3.0,10.0,9.0,7.0,10.0,10.0,10.0,10.0,5.0,4.0,10.0,7.0,7.0,5.0,8.0,10.0,10.0,3.0,7.0,10.0,7.0,9.0,10.0,4
432,0,28.0,11.0,6.0,3.0,2.0,2.0,2.0,10.0,10.0,10.0,7.0,1.0,6.0,6.0,4.0,9.0,8.0,8.0,7.0,5.0,5.0,7.0,8.0,8.0,8.0,8.0,3
433,0,30.0,15.0,6.0,3.0,3.0,3.0,8.0,8.0,8.0,8.0,8.0,1.0,6.0,7.0,5.0,7.0,8.0,5.0,5.0,5.0,3.0,8.0,6.0,7.0,8.0,5.0,3
434,0,27.0,11.0,4.0,2.0,4.0,2.0,9.0,6.0,3.0,3.0,3.0,2.0,7.0,2.0,6.0,2.0,2.0,4.0,7.0,8.0,4.0,7.0,7.0,8.0,6.0,4.0,1
435,0,22.0,1.0,7.0,2.0,5.0,5.0,6.0,9.0,8.0,8.0,3.0,2.0,9.0,9.0,1.0,8.0,7.0,9.0,9.0,10.0,10.0,7.0,9.0,9.0,9.0,9.0,6
436,0,23.0,1.0,6.0,1.0,8.0,5.0,9.0,10.0,8.0,7.0,8.0,5.0,1.0,9.0,10.0,8.0,10.0,6.0,10.0,10.0,4.0,9.0,8.0,10.0,7.0,6.0,5
437,0,23.0,11.0,4.0,1.0,6.0,7.0,7.0,8.0,9.0,9.0,8.0,5.0,6.0,9.0,7.0,10.0,10.0,10.0,10.0,5.0,6.0,7.0,9.0,9.0,9.0,8.0,4
438,0,23.0,11.0,4.0,1.0,3.0,1.0,8.0,9.0,5.0,5.0,8.0,4.0,7.0,6.0,5.0,7.0,9.0,10.0,9.0,8.0,3.0,7.0,8.0,7.0,7.0,7.0,3
439,0,29.0,9.0,3.0,2.0,8.0,4.0,8.0,9.0,8.0,9.0,6.0,1.0,7.0,9.0,6.0,4.0,9.0,9.0,9.0,6.0,6.0,8.0,8.0,7.0,7.0,7.0,0
440,1,21.0,1.0,7.0,2.0,10.0,10.0,10.0,10.0,7.0,7.0,7.0,3.0,1.0,3.0,5.0,5.0,10.0,8.0,10.0,8.0,5.0,8.0,8.0,9.0,9.0,9.0,5
441,1,24.0,1.0,7.0,1.0,6.0,1.0,6.0,7.0,7.0,8.0,7.0,14.0,9.0,9.0,8.0,9.0,10.0,10.0,10.0,7.0,2.0,8.0,7.0,8.0,9.0,8.0,6
442,1,25.0,1.0,6.0,1.0,7.0,1.0,7.0,5.0,1.0,1.0,7.0,1.0,8.0,6.0,1.0,1.0,5.0,3.0,5.0,2.0,1.0,7.0,9.0,8.0,8.0,9.0,2
443,1,27.0,13.0,6.0,2.0,9.0,5.0,7.0,8.0,5.0,5.0,5.0,3.0,7.0,6.0,1.0,6.0,7.0,8.0,8.0,4.0,5.0,7.0,10.0,9.0,7.0,7.0,1
444,1,26.0,8.0,4.0,2.0,8.0,8.0,9.0,2.0,6.0,8.0,6.0,2.0,5.0,2.0,7.0,1.0,10.0,3.0,5.0,5.0,6.0,8.0,7.0,9.0,8.0,7.0,1
445,1,30.0,13.0,5.0,2.0,9.0,6.0,8.0,8.0,5.0,3.0,9.0,5.0,9.0,10.0,5.0,4.0,10.0,8.0,9.0,5.0,1.0,9.0,8.0,7.0,10.0,7.0,1
446,1,28.0,8.0,4.0,3.0,9.0,2.0,9.0,8.0,8.0,7.0,6.0,3.0,6.0,6.0,5.0,6.0,6.0,5.0,8.0,3.0,3.0,6.0,8.0,9.0,7.0,5.0,1
447,1,26.0,13.0,7.0,2.0,7.0,5.0,6.0,8.0,3.0,2.0,6.0,2.0,5.0,6.0,3.0,4.0,8.0,4.0,9.0,2.0,4.0,6.0,10.0,6.0,7.0,4.0,1
448,1,22.0,1.0,2.0,1.0,3.0,2.0,4.0,9.0,8.0,9.0,3.0,5.0,9.0,7.0,3.0,6.0,7.0,6.0,10.0,6.0,5.0,8.0,9.0,8.0,9.0,10.0,6
449,1,23.0,1.0,3.0,1.0,8.0,2.0,6.0,8.0,7.0,5.0,5.0,3.0,1.0,9.0,7.0,6.0,9.0,2.0,6.0,4.0,1.0,7.0,10.0,10.0,10.0,8.0,5
450,1,25.0,13.0,6.0,2.0,7.0,3.0,9.0,9.0,9.0,9.0,9.0,9.0,3.0,5.0,7.0,9.0,10.0,9.0,10.0,5.0,10.0,9.0,6.0,7.0,10.0,10.0,4
451,1,30.0,8.0,3.0,3.0,3.0,3.0,2.0,4.0,4.0,3.0,3.0,4.0,3.0,6.0,7.0,5.0,7.0,7.0,8.0,6.0,6.0,2.0,4.0,4.0,4.0,4.0,2
452,1,29.0,8.0,5.0,3.0,9.0,6.0,8.0,7.0,8.0,7.0,8.0,7.0,9.0,8.0,7.0,8.0,9.0,8.0,10.0,5.0,3.0,7.0,8.0,7.0,10.0,8.0,4
453,1,27.0,1.0,6.0,5.0,6.0,3.0,5.0,6.0,6.0,5.0,6.0,5.0,3.0,6.0,6.0,4.0,7.0,6.0,5.0,4.0,1.0,5.0,6.0,7.0,8.0,5.0,2
454,0,27.0,15.0,7.0,3.0,5.0,8.0,5.0,9.0,9.0,9.0,7.0,1.0,4.0,9.0,4.0,9.0,9.0,8.0,8.0,4.0,9.0,8.0,9.0,9.0,9.0,7.0,3
455,0,24.0,10.0,6.0,2.0,3.0,5.0,3.0,10.0,10.0,7.0,7.0,1.0,8.0,10.0,4.0,8.0,9.0,8.0,9.0,9.0,7.0,7.0,9.0,9.0,8.0,8.0,3
456,0,29.0,8.0,6.0,1.0,1.0,1.0,8.0,8.0,7.0,7.0,6.0,2.0,8.0,8.0,4.0,7.0,7.0,6.0,6.0,8.0,8.0,8.0,8.0,6.0,7.0,7.0,3
457,0,55.0,6.0,7.0,3.0,1.0,2.0,1.0,8.0,9.0,9.0,10.0,1.0,1.0,10.0,4.0,7.0,3.0,10.0,8.0,1.0,1.0,7.0,6.0,7.0,8.0,3.0,0
458,0,29.0,8.0,4.0,1.0,9.0,1.0,6.0,10.0,8.0,6.0,9.0,3.0,6.0,9.0,7.0,8.0,8.0,4.0,1.0,10.0,9.0,10.0,10.0,9.0,10.0,10.0,4
459,0,26.0,8.0,5.0,3.0,1.0,3.0,1.0,9.0,8.0,9.0,1.0,1.0,6.0,4.0,6.0,8.0,8.0,8.0,8.0,8.0,1.0,5.0,5.0,5.0,5.0,8.0,3
460,1,33.0,7.0,4.0,2.0,9.0,7.0,10.0,10.0,10.0,10.0,8.0,1.0,7.0,9.0,10.0,6.0,9.0,10.0,10.0,1.0,5.0,8.0,8.0,7.0,9.0,7.0,0
461,1,27.0,5.0,7.0,4.0,9.0,8.0,9.0,9.0,7.0,7.0,9.0,8.0,6.0,2.0,2.0,7.0,6.0,6.0,6.0,4.0,4.0,6.0,8.0,9.0,8.0,7.0,1
462,1,33.0,5.0,6.0,6.0,8.0,7.0,5.0,2.0,6.0,6.0,1.0,2.0,7.0,3.0,8.0,5.0,7.0,6.0,9.0,2.0,2.0,4.0,9.0,6.0,8.0,2.0,2
463,1,23.0,10.0,7.0,1.0,5.0,4.0,7.0,5.0,4.0,3.0,3.0,5.0,4.0,5.0,4.0,4.0,4.0,4.0,7.0,3.0,1.0,6.0,7.0,7.0,8.0,7.0,2
464,1,33.0,8.0,3.0,1.0,10.0,9.0,6.0,7.0,3.0,3.0,5.0,5.0,9.0,3.0,4.0,6.0,7.0,7.0,7.0,2.0,1.0,5.0,8.0,8.0,9.0,10.0,1
465,1,23.0,7.0,7.0,3.0,4.0,8.0,1.0,3.0,8.0,8.0,4.0,1.0,4.0,9.0,2.0,1.0,3.0,10.0,10.0,1.0,1.0,7.0,10.0,8.0,7.0,5.0,2
466,0,24.0,18.0,7.0,1.0,4.0,2.0,9.0,8.0,5.0,6.0,4.0,3.0,2.0,8.0,5.0,5.0,7.0,6.0,8.0,4.0,2.0,7.0,9.0,7.0,8.0,8.0,3
467,0,24.0,8.0,2.0,1.0,8.0,4.0,9.0,9.0,9.0,9.0,8.0,5.0,8.0,9.0,8.0,9.0,9.0,9.0,9.0,9.0,9.0,8.0,8.0,8.0,8.0,8.0,4
468,0,25.0,13.0,6.0,3.0,8.0,3.0,7.0,7.0,7.0,8.0,8.0,2.0,6.0,8.0,7.0,5.0,9.0,9.0,9.0,7.0,6.0,8.0,9.0,6.0,8.0,8.0,3
469,0,25.0,13.0,3.0,1.0,10.0,7.0,7.0,7.0,7.0,7.0,3.0,3.0,4.0,7.0,9.0,7.0,7.0,7.0,8.0,6.0,9.0,8.0,8.0,8.0,6.0,6.0,4
470,0,29.0,4.0,4.0,2.0,1.0,1.0,1.0,10.0,10.0,10.0,2.0,1.0,3.0,10.0,5.0,10.0,10.0,6.0,6.0,10.0,1.0,4.0,9.0,5.0,8.0,6.0,6
471,0,30.0,4.0,5.0,3.0,3.0,4.0,6.0,10.0,7.0,7.0,5.0,2.0,9.0,7.0,8.0,6.0,8.0,6.0,6.0,10.0,4.0,7.0,8.0,8.0,9.0,9.0,6
472,0,25.0,5.0,4.0,2.0,10.0,6.0,7.0,9.0,9.0,8.0,9.0,1.0,7.0,8.0,1.0,10.0,10.0,10.0,10.0,5.0,9.0,8.0,10.0,10.0,8.0,9.0,4
473,0,34.0,10.0,6.0,4.0,7.0,5.0,5.0,8.0,8.0,8.0,8.0,6.0,6.0,9.0,8.0,8.0,9.0,9.0,9.0,7.0,7.0,7.0,9.0,8.0,10.0,7.0,0
474,0,30.0,10.0,6.0,5.0,10.0,2.0,10.0,10.0,7.0,7.0,9.0,2.0,9.0,8.0,1.0,4.0,3.0,7.0,10.0,6.0,9.0,9.0,9.0,10.0,8.0,7.0,1
475,0,27.0,13.0,6.0,2.0,1.0,1.0,6.0,10.0,6.0,5.0,2.0,0.0,5.0,4.0,4.0,9.0,8.0,3.0,5.0,6.0,9.0,5.0,8.0,5.0,7.0,7.0,3
476,0,25.0,13.0,5.0,2.0,4.0,1.0,7.0,9.0,5.0,5.0,4.0,1.0,7.0,3.0,3.0,3.0,3.0,3.0,7.0,6.0,3.0,7.0,9.0,5.0,7.0,6.0,1
477,0,27.0,5.0,4.0,2.0,9.0,6.0,7.0,8.0,6.0,8.0,8.0,4.0,7.0,7.0,4.0,7.0,8.0,7.0,7.0,6.0,4.0,6.0,8.0,7.0,7.0,7.0,1
478,0,26.0,13.0,4.0,1.0,9.0,7.0,9.0,7.0,7.0,9.0,9.0,3.0,3.0,8.0,4.0,7.0,9.0,8.0,9.0,4.0,6.0,7.0,8.0,9.0,8.0,7.0,4
479,0,27.0,13.0,4.0,3.0,10.0,7.0,10.0,9.0,8.0,7.0,9.0,1.0,7.0,5.0,4.0,7.0,7.0,7.0,7.0,7.0,7.0,8.0,8.0,8.0,8.0,8.0,4
480,0,26.0,5.0,4.0,1.0,7.0,1.0,8.0,9.0,9.0,9.0,3.0,1.0,6.0,10.0,3.0,3.0,4.0,4.0,4.0,5.0,7.0,8.0,9.0,10.0,8.0,7.0,1
481,1,23.0,9.0,3.0,2.0,3.0,3.0,7.0,9.0,8.0,7.0,1.0,2.0,5.0,8.0,2.0,7.0,10.0,10.0,10.0,6.0,1.0,8.0,7.0,8.0,9.0,5.0,3
482,1,30.0,8.0,6.0,1.0,9.0,7.0,5.0,9.0,6.0,5.0,8.0,2.0,5.0,9.0,6.0,7.0,7.0,2.0,4.0,4.0,3.0,7.0,10.0,9.0,8.0,8.0,1
483,1,28.0,3.0,3.0,1.0,10.0,1.0,10.0,10.0,10.0,10.0,5.0,1.0,1.0,10.0,5.0,10.0,10.0,10.0,10.0,10.0,5.0,8.0,10.0,10.0,10.0,10.0,6
484,1,31.0,18.0,6.0,4.0,7.0,3.0,5.0,9.0,9.0,9.0,9.0,3.0,7.0,9.0,1.0,9.0,9.0,9.0,9.0,2.0,7.0,4.0,8.0,2.0,9.0,9.0,3
485,1,29.0,3.0,6.0,2.0,6.0,10.0,9.0,7.0,7.0,7.0,4.0,6.0,6.0,9.0,8.0,8.0,8.0,7.0,8.0,7.0,4.0,8.0,8.0,7.0,8.0,7.0,5
486,1,32.0,10.0,6.0,2.0,7.0,1.0,3.0,10.0,8.0,6.0,4.0,1.0,9.0,8.0,1.0,7.0,10.0,5.0,8.0,2.0,2.0,7.0,10.0,8.0,9.0,9.0,0
487,1,24.0,6.0,5.0,3.0,4.0,4.0,2.0,8.0,5.0,3.0,2.0,5.0,2.0,7.0,8.0,5.0,9.0,6.0,10.0,6.0,2.0,7.0,9.0,6.0,8.0,5.0,2
488,1,29.0,8.0,2.0,3.0,3.0,3.0,3.0,9.0,5.0,1.0,1.0,1.0,8.0,8.0,8.0,8.0,8.0,8.0,8.0,8.0,3.0,5.0,10.0,7.0,10.0,8.0,3
489,1,28.0,8.0,2.0,1.0,7.0,7.0,7.0,9.0,9.0,9.0,6.0,9.0,9.0,6.0,6.0,9.0,9.0,9.0,7.0,6.0,5.0,6.0,8.0,8.0,9.0,10.0,4
490,1,29.0,14.0,6.0,3.0,3.0,1.0,2.0,7.0,7.0,7.0,6.0,2.0,5.0,9.0,9.0,8.0,10.0,9.0,8.0,7.0,4.0,3.0,7.0,6.0,8.0,6.0,3
491,1,29.0,8.0,4.0,1.0,9.0,2.0,9.0,9.0,9.0,8.0,9.0,7.0,9.0,8.0,2.0,7.0,8.0,8.0,9.0,9.0,6.0,7.0,7.0,7.0,7.0,7.0,4
492,1,30.0,10.0,4.0,2.0,10.0,10.0,10.0,10.0,10.0,10.0,10.0,2.0,4.0,10.0,7.0,5.0,5.0,2.0,5.0,10.0,10.0,10.0,10.0,10.0,10.0,10.0,4
493,1,20.0,13.0,6.0,5.0,10.0,10.0,7.0,7.0,4.0,4.0,3.0,3.0,6.0,7.0,10.0,8.0,8.0,7.0,7.0,10.0,6.0,7.0,7.0,8.0,8.0,8.0,4
494,1,30.0,6.0,3.0,3.0,8.0,10.0,4.0,10.0,10.0,10.0,1.0,1.0,4.0,8.0,6.0,9.0,10.0,7.0,8.0,9.0,10.0,9.0,10.0,10.0,10.0,7.0,4
495,1,32.0,15.0,2.0,1.0,7.0,5.0,6.0,7.0,5.0,6.0,7.0,7.0,6.0,5.0,6.0,7.0,7.0,6.0,5.0,5.0,6.0,7.0,7.0,7.0,8.0,9.0,1
496,0,23.0,5.0,5.0,2.0,8.0,1.0,8.0,7.0,7.0,7.0,8.0,1.0,1.0,7.0,3.0,3.0,3.0,5.0,5.0,5.0,5.0,5.0,8.0,6.0,9.0,8.0,2
497,0,24.0,10.0,7.0,1.0,7.0,5.0,1.0,8.0,7.0,6.0,7.0,3.0,1.0,7.0,8.0,6.0,9.0,9.0,8.0,8.0,7.0,8.0,10.0,10.0,9.0,8.0,3
498,0,25.0,10.0,4.0,1.0,3.0,1.0,5.0,7.0,3.0,3.0,6.0,6.0,9.0,8.0,9.0,6.0,8.0,8.0,8.0,3.0,1.0,8.0,9.0,10.0,9.0,10.0,1
499,0,26.0,10.0,4.0,1.0,1.0,1.0,1.0,9.0,9.0,9.0,2.0,1.0,8.0,9.0,6.0,8.0,10.0,10.0,10.0,5.0,1.0,9.0,10.0,9.0,10.0,4.0,3
500,0,25.0,10.0,5.0,3.0,4.0,2.0,6.0,7.0,7.0,7.0,2.0,2.0,7.0,8.0,5.0,7.0,8.0,8.0,8.0,6.0,5.0,8.0,9.0,9.0,9.0,9.0,3
501,0,26.0,10.0,4.0,3.0,5.0,4.0,8.0,8.0,9.0,9.0,6.0,1.0,3.0,9.0,7.0,9.0,9.0,9.0,10.0,7.0,6.0,8.0,9.0,8.0,9.0,9.0,3
502,1,26.0,5.0,3.0,2.0,8.0,8.0,9.0,6.0,5.0,5.0,10.0,9.0,8.0,7.0,8.0,6.0,9.0,5.0,8.0,3.0,4.0,7.0,7.0,9.0,9.0,9.0,5
503,1,25.0,10.0,6.0,5.0,2.0,4.0,4.0,8.0,8.0,8.0,7.0,5.0,2.0,6.0,5.0,7.0,8.0,9.0,9.0,7.0,7.0,7.0,9.0,4.0,10.0,5.0,3
504,1,23.0,5.0,5.0,2.0,1.0,1.0,2.0,4.0,4.0,4.0,8.0,1.0,3.0,6.0,1.0,5.0,6.0,7.0,7.0,3.0,1.0,7.0,5.0,6.0,8.0,8.0,2
505,1,27.0,6.0,4.0,1.0,10.0,6.0,10.0,5.0,10.0,10.0,9.0,7.0,1.0,10.0,10.0,10.0,10.0,10.0,10.0,10.0,10.0,9.0,10.0,8.0,10.0,10.0,4
506,1,24.0,2.0,7.0,2.0,6.0,4.0,6.0,7.0,7.0,7.0,8.0,2.0,4.0,9.0,2.0,5.0,5.0,5.0,5.0,2.0,1.0,5.0,8.0,7.0,9.0,10.0,2
507,1,24.0,2.0,7.0,3.0,10.0,9.0,10.0,9.0,9.0,8.0,7.0,4.0,5.0,8.0,5.0,7.0,6.0,6.0,8.0,3.0,2.0,7.0,8.0,7.0,8.0,7.0,5
508,1,36.0,2.0,5.0,1.0,10.0,4.0,7.0,6.0,4.0,4.0,4.0,9.0,7.0,10.0,3.0,5.0,4.0,7.0,10.0,4.0,8.0,7.0,8.0,8.0,9.0,8.0,0
509,0,28.0,6.0,4.0,2.0,6.0,3.0,6.0,7.0,7.0,7.0,3.0,3.0,4.0,6.0,4.0,4.0,8.0,5.0,7.0,7.0,7.0,5.0,6.0,4.0,8.0,9.0,1
510,0,26.0,8.0,7.0,2.0,8.0,1.0,4.0,10.0,8.0,7.0,10.0,5.0,7.0,9.0,1.0,3.0,9.0,7.0,5.0,1.0,7.0,7.0,9.0,6.0,8.0,4.0,2
511,0,23.0,5.0,7.0,3.0,6.0,5.0,5.0,7.0,8.0,10.0,10.0,3.0,9.0,8.0,5.0,8.0,9.0,9.0,10.0,7.0,8.0,8.0,4.0,10.0,8.0,8.0,6
513,0,23.0,15.0,6.0,4.0,1.0,1.0,9.0,9.0,9.0,9.0,1.0,0.0,8.0,9.0,8.0,9.0,10.0,6.0,8.0,6.0,6.0,6.0,8.0,7.0,6.0,4.0,3
514,0,23.0,3.0,4.0,3.0,5.0,3.0,7.0,7.0,8.0,10.0,2.0,2.0,1.0,8.0,6.0,10.0,8.0,9.0,10.0,6.0,7.0,8.0,10.0,8.0,9.0,7.0,6
515,0,23.0,6.0,6.0,3.0,10.0,10.0,8.0,9.0,9.0,8.0,10.0,3.0,8.0,9.0,8.0,9.0,10.0,7.0,10.0,5.0,9.0,8.0,10.0,8.0,10.0,8.0,4
516,0,27.0,10.0,6.0,3.0,3.0,3.0,6.0,10.0,9.0,9.0,5.0,5.0,8.0,9.0,6.0,9.0,4.0,9.0,9.0,9.0,3.0,8.0,9.0,9.0,8.0,8.0,3
517,0,30.0,15.0,5.0,3.0,2.0,1.0,9.0,9.0,6.0,8.0,4.0,1.0,2.0,9.0,3.0,10.0,8.0,4.0,4.0,3.0,9.0,8.0,9.0,7.0,9.0,7.0,3
518,0,23.0,15.0,7.0,2.0,4.0,2.0,5.0,8.0,6.0,7.0,5.0,5.0,9.0,9.0,8.0,8.0,8.0,6.0,8.0,9.0,4.0,6.0,9.0,8.0,8.0,7.0,3
519,0,26.0,9.0,4.0,2.0,9.0,5.0,9.0,5.0,8.0,7.0,7.0,2.0,3.0,9.0,4.0,7.0,8.0,7.0,8.0,2.0,2.0,8.0,10.0,9.0,9.0,10.0,1
520,0,28.0,11.0,7.0,1.0,4.0,6.0,8.0,8.0,10.0,8.0,5.0,2.0,9.0,10.0,8.0,9.0,8.0,5.0,5.0,8.0,2.0,8.0,9.0,7.0,8.0,5.0,3
521,0,26.0,11.0,3.0,1.0,7.0,7.0,8.0,8.0,8.0,8.0,10.0,7.0,5.0,8.0,6.0,7.0,8.0,8.0,8.0,6.0,6.0,7.0,9.0,9.0,8.0,8.0,4
522,0,22.0,1.0,6.0,2.0,6.0,6.0,6.0,7.0,8.0,9.0,3.0,3.0,7.0,9.0,8.0,10.0,10.0,7.0,7.0,5.0,3.0,7.0,7.0,7.0,9.0,8.0,6
523,0,27.0,9.0,4.0,3.0,8.0,1.0,5.0,9.0,4.0,3.0,6.0,7.0,8.0,13.0,5.0,2.0,7.0,8.0,9.0,3.0,1.0,6.0,9.0,8.0,9.0,6.0,1
524,0,25.0,4.0,7.0,4.0,4.0,1.0,7.0,9.0,8.0,8.0,6.0,3.0,8.0,7.0,7.0,8.0,8.0,5.0,5.0,7.0,5.0,5.0,9.0,7.0,8.0,7.0,6
525,0,24.0,15.0,4.0,1.0,6.0,2.0,8.0,6.0,5.0,5.0,3.0,2.0,1.0,8.0,8.0,9.0,10.0,7.0,8.0,8.0,1.0,6.0,10.0,8.0,10.0,9.0,3
526,0,26.0,11.0,5.0,3.0,2.0,1.0,3.0,10.0,10.0,7.0,6.0,5.0,10.0,8.0,4.0,10.0,8.0,6.0,8.0,4.0,10.0,3.0,6.0,9.0,7.0,10.0,3
527,0,24.0,11.0,4.0,3.0,5.0,5.0,1.0,8.0,7.0,7.0,6.0,2.0,7.0,6.0,6.0,8.0,7.0,8.0,8.0,7.0,6.0,10.0,10.0,10.0,10.0,10.0,3
528,0,29.0,11.0,6.0,1.0,5.0,8.0,4.0,2.0,2.0,2.0,8.0,6.0,2.0,2.0,2.0,3.0,7.0,3.0,3.0,2.0,2.0,9.0,6.0,8.0,8.0,8.0,2
529,0,22.0,5.0,4.0,1.0,7.0,4.0,6.0,10.0,8.0,8.0,8.0,6.0,5.0,5.0,5.0,8.0,8.0,8.0,8.0,4.0,4.0,6.0,10.0,9.0,7.0,5.0,6
530,0,22.0,5.0,7.0,3.0,7.0,10.0,5.0,6.0,3.0,8.0,6.0,7.0,6.0,3.0,5.0,8.0,10.0,9.0,10.0,6.0,3.0,3.0,9.0,9.0,9.0,7.0,5
531,1,25.0,5.0,7.0,2.0,10.0,10.0,6.0,6.0,10.0,10.0,10.0,6.0,6.0,6.0,10.0,10.0,10.0,8.0,10.0,1.0,6.0,10.0,10.0,6.0,10.0,10.0,4
532,1,26.0,5.0,2.0,2.0,7.0,8.0,6.0,8.0,6.0,4.0,4.0,8.0,6.0,9.0,7.0,6.0,8.0,6.0,7.0,5.0,2.0,7.0,9.0,7.0,8.0,8.0,5
533,1,26.0,5.0,6.0,2.0,7.0,3.0,5.0,7.0,5.0,5.0,7.0,2.0,5.0,3.0,1.0,5.0,7.0,6.0,7.0,2.0,2.0,8.0,9.0,8.0,9.0,9.0,2
534,1,24.0,5.0,5.0,6.0,7.0,9.0,3.0,9.0,9.0,8.0,6.0,7.0,7.0,7.0,3.0,6.0,7.0,8.0,7.0,4.0,1.0,7.0,9.0,8.0,9.0,5.0,5
535,1,23.0,10.0,5.0,3.0,4.0,3.0,4.0,7.0,7.0,6.0,2.0,8.0,8.0,8.0,6.0,6.0,9.0,8.0,9.0,5.0,6.0,6.0,7.0,6.0,7.0,5.0,3
536,1,29.0,2.0,5.0,2.0,7.0,3.0,5.0,8.0,7.0,7.0,3.0,2.0,7.0,8.0,6.0,4.0,9.0,7.0,9.0,7.0,1.0,7.0,8.0,8.0,8.0,8.0,6
537,1,22.0,5.0,5.0,1.0,6.0,6.0,7.0,10.0,8.0,8.0,3.0,3.0,6.0,10.0,8.0,10.0,10.0,10.0,10.0,10.0,1.0,7.0,9.0,9.0,9.0,7.0,6
538,1,32.0,5.0,4.0,2.0,8.0,2.0,8.0,8.0,8.0,8.0,8.0,8.0,6.0,8.0,5.0,4.0,6.0,3.0,6.0,6.0,6.0,7.0,8.0,9.0,8.0,8.0,0
539,1,22.0,1.0,4.0,1.0,8.0,9.0,8.0,9.0,9.0,9.0,4.0,6.0,8.0,8.0,6.0,7.0,9.0,7.0,7.0,7.0,6.0,8.0,8.0,9.0,10.0,10.0,5
540,1,24.0,5.0,7.0,4.0,6.0,4.0,4.0,5.0,7.0,8.0,8.0,9.0,6.0,7.0,4.0,9.0,9.0,9.0,9.0,6.0,3.0,5.0,7.0,6.0,5.0,7.0,6
541,1,23.0,5.0,7.0,3.0,10.0,10.0,7.0,8.0,3.0,5.0,4.0,3.0,8.0,3.0,10.0,5.0,10.0,10.0,9.0,9.0,3.0,8.0,9.0,9.0,9.0,8.0,5
542,1,23.0,5.0,5.0,3.0,4.0,7.0,6.0,10.0,9.0,8.0,1.0,8.0,8.0,9.0,8.0,8.0,9.0,9.0,8.0,9.0,6.0,8.0,9.0,8.0,8.0,9.0,6
543,1,24.0,5.0,7.0,2.0,8.0,8.0,5.0,8.0,8.0,5.0,5.0,9.0,8.0,8.0,8.0,6.0,8.0,8.0,8.0,8.0,3.0,7.0,9.0,9.0,8.0,9.0,5
544,1,23.0,5.0,7.0,3.0,3.0,4.0,3.0,10.0,7.0,8.0,5.0,14.0,9.0,2.0,10.0,7.0,8.0,8.0,9.0,10.0,3.0,7.0,10.0,10.0,9.0,8.0,6
545,1,24.0,5.0,7.0,2.0,10.0,2.0,2.0,5.0,5.0,4.0,7.0,5.0,4.0,7.0,4.0,3.0,4.0,5.0,5.0,2.0,1.0,8.0,8.0,8.0,9.0,6.0,2
546,1,30.0,8.0,4.0,1.0,10.0,5.0,8.0,10.0,4.0,3.0,5.0,1.0,1.0,2.0,4.0,3.0,6.0,3.0,9.0,10.0,6.0,9.0,8.0,10.0,8.0,7.0,1
547,1,30.0,8.0,3.0,1.0,9.0,6.0,9.0,7.0,8.0,8.0,2.0,2.0,8.0,9.0,4.0,9.0,8.0,9.0,9.0,6.0,5.0,7.0,9.0,8.0,8.0,8.0,0
548,1,30.0,8.0,6.0,1.0,10.0,8.0,4.0,10.0,3.0,2.0,2.0,5.0,1.0,9.0,6.0,4.0,6.0,7.0,10.0,4.0,1.0,10.0,10.0,10.0,10.0,10.0,1
549,1,28.0,8.0,7.0,1.0,8.0,5.0,6.0,9.0,7.0,7.0,4.0,8.0,8.0,7.0,7.0,8.0,8.0,10.0,10.0,8.0,2.0,7.0,10.0,8.0,9.0,9.0,4
550,1,30.0,8.0,4.0,1.0,5.0,3.0,5.0,9.0,7.0,8.0,3.0,3.0,8.0,8.0,3.0,7.0,7.0,4.0,6.0,6.0,3.0,7.0,7.0,7.0,7.0,7.0,0
551,1,27.0,8.0,6.0,3.0,6.0,1.0,7.0,6.0,7.0,3.0,2.0,1.0,7.0,10.0,2.0,5.0,6.0,7.0,7.0,7.0,1.0,7.0,8.0,3.0,8.0,5.0,2
552,1,25.0,18.0,2.0,1.0,8.0,2.0,5.0,10.0,10.0,10.0,7.0,1.0,9.0,8.0,3.0,7.0,9.0,10.0,10.0,7.0,3.0,8.0,7.0,6.0,7.0,7.0,3
552,1,25.0,18.0,2.0,1.0,8.0,2.0,5.0,10.0,10.0,10.0,7.0,1.0,9.0,8.0,3.0,7.0,9.0,10.0,10.0,7.0,3.0,8.0,7.0,6.0,7.0,7.0,3
