iid,age,field_cd,date,go_out,sports,tvsports,exercise,dining,museums,art,hiking,gaming,clubbing,reading,tv,theater,movies,concerts,music,shopping,yoga,attr3_1,sinc3_1,fun3_1,intel3_1,amb3_1,cluster
11,27.0,8.0,5.0,4.0,8.0,7.0,2.0,6.0,7.0,5.0,5.0,5.0,4.0,9.0,2.0,4.0,8.0,7.0,8.0,5.0,1.0,8.0,9.0,7.0,8.0,5.0,3
12,22.0,1.0,1.0,1.0,9.0,7.0,9.0,8.0,7.0,6.0,3.0,3.0,5.0,6.0,6.0,4.0,7.0,7.0,9.0,5.0,5.0,9.0,9.0,9.0,10.0,9.0,4
13,22.0,1.0,7.0,1.0,7.0,8.0,2.0,9.0,5.0,6.0,4.0,7.0,7.0,6.0,8.0,10.0,8.0,9.0,9.0,8.0,1.0,4.0,7.0,8.0,8.0,3.0,4
14,23.0,1.0,4.0,1.0,10.0,6.0,8.0,8.0,3.0,3.0,10.0,8.0,8.0,6.0,7.0,3.0,10.0,6.0,8.0,6.0,1.0,9.0,9.0,9.0,9.0,9.0,4
15,24.0,1.0,4.0,1.0,9.0,7.0,9.0,7.0,4.0,3.0,6.0,7.0,9.0,8.0,6.0,9.0,9.0,6.0,7.0,2.0,1.0,7.0,7.0,7.0,9.0,9.0,4
16,25.0,8.0,5.0,1.0,7.0,2.0,6.0,7.0,7.0,7.0,5.0,5.0,5.0,8.0,3.0,7.0,8.0,7.0,8.0,6.0,1.0,6.0,6.0,8.0,8.0,6.0,2
17,30.0,13.0,3.0,2.0,8.0,2.0,9.0,7.0,7.0,5.0,4.0,2.0,6.0,4.0,2.0,7.0,9.0,7.0,7.0,2.0,2.0,7.0,7.0,6.0,8.0,4.0,5
18,27.0,8.0,6.0,1.0,5.0,5.0,5.0,9.0,4.0,3.0,4.0,4.0,2.0,6.0,9.0,3.0,9.0,3.0,6.0,2.0,1.0,6.0,8.0,6.0,8.0,9.0,3
19,28.0,8.0,1.0,1.0,10.0,10.0,10.0,10.0,5.0,5.0,6.0,7.0,9.0,8.0,1.0,1.0,7.0,7.0,7.0,7.0,10.0,10.0,6.0,10.0,10.0,10.0,0
20,24.0,8.0,1.0,1.0,10.0,10.0,10.0,10.0,9.0,9.0,4.0,10.0,10.0,8.0,3.0,8.0,8.0,6.0,6.0,5.0,10.0,7.0,7.0,10.0,10.0,10.0,1
41,30.0,1.0,6.0,5.0,5.0,5.0,6.0,5.0,5.0,5.0,5.0,10.0,5.0,6.0,6.0,6.0,6.0,5.0,5.0,5.0,1.0,5.0,7.0,5.0,8.0,5.0,3
42,23.0,5.0,7.0,4.0,1.0,1.0,7.0,5.0,3.0,3.0,3.0,1.0,1.0,9.0,8.0,5.0,7.0,2.0,5.0,2.0,1.0,6.0,9.0,6.0,8.0,4.0,3
43,24.0,8.0,6.0,3.0,8.0,9.0,6.0,5.0,7.0,7.0,2.0,5.0,5.0,9.0,6.0,7.0,4.0,6.0,5.0,2.0,1.0,3.0,8.0,3.0,7.0,2.0,3
44,24.0,3.0,3.0,1.0,9.0,1.0,8.0,7.0,8.0,8.0,10.0,6.0,7.0,8.0,1.0,7.0,3.0,8.0,1.0,6.0,8.0,7.0,9.0,8.0,9.0,9.0,2
45,28.0,8.0,6.0,3.0,9.0,7.0,3.0,6.0,8.0,6.0,6.0,7.0,6.0,6.0,7.0,6.0,7.0,6.0,6.0,6.0,3.0,7.0,8.0,6.0,8.0,7.0,0
46,26.0,8.0,6.0,2.0,10.0,7.0,5.0,6.0,7.0,7.0,8.0,3.0,7.0,7.0,4.0,4.0,6.0,5.0,6.0,2.0,7.0,7.0,8.0,5.0,7.0,7.0,0
47,30.0,8.0,6.0,1.0,6.0,7.0,2.0,8.0,7.0,6.0,3.0,7.0,4.0,7.0,4.0,5.0,8.0,8.0,7.0,2.0,1.0,8.0,7.0,9.0,9.0,3.0,6
48,22.0,12.0,5.0,2.0,3.0,1.0,6.0,7.0,7.0,8.0,1.0,5.0,8.0,4.0,6.0,10.0,10.0,6.0,8.0,6.0,2.0,7.0,9.0,6.0,7.0,6.0,5
49,25.0,8.0,3.0,2.0,10.0,7.0,5.0,7.0,6.0,7.0,2.0,8.0,7.0,9.0,5.0,5.0,6.0,5.0,8.0,2.0,7.0,7.0,10.0,10.0,10.0,8.0,0
50,27.0,1.0,6.0,2.0,10.0,10.0,3.0,8.0,5.0,3.0,4.0,3.0,10.0,5.0,6.0,8.0,10.0,7.0,10.0,6.0,2.0,8.0,9.0,9.0,10.0,8.0,4
51,23.0,1.0,5.0,3.0,6.0,6.0,7.0,3.0,4.0,3.0,6.0,5.0,4.0,5.0,7.0,1.0,6.0,1.0,2.0,2.0,1.0,6.0,8.0,2.0,10.0,2.0,3
52,21.0,1.0,4.0,1.0,8.0,5.0,3.0,6.0,3.0,4.0,3.0,3.0,3.0,3.0,7.0,4.0,6.0,3.0,5.0,4.0,2.0,5.0,8.0,6.0,8.0,7.0,4
53,28.0,4.0,6.0,2.0,8.0,4.0,3.0,10.0,9.0,8.0,8.0,4.0,4.0,9.0,5.0,7.0,9.0,9.0,9.0,7.0,3.0,8.0,9.0,8.0,8.0,8.0,2
54,28.0,8.0,5.0,1.0,5.0,2.0,2.0,8.0,7.0,8.0,8.0,1.0,3.0,7.0,1.0,8.0,6.0,9.0,9.0,1.0,3.0,8.0,9.0,8.0,8.0,8.0,5
55,23.0,1.0,4.0,2.0,10.0,8.0,4.0,5.0,5.0,4.0,1.0,6.0,10.0,9.0,7.0,5.0,10.0,7.0,10.0,5.0,1.0,6.0,10.0,10.0,9.0,10.0,4
66,29.0,8.0,6.0,4.0,4.0,2.0,3.0,6.0,4.0,3.0,3.0,6.0,4.0,8.0,6.0,4.0,8.0,4.0,6.0,4.0,2.0,6.0,7.0,7.0,8.0,8.0,3
67,22.0,1.0,5.0,2.0,9.0,9.0,6.0,7.0,6.0,6.0,4.0,4.0,4.0,6.0,6.0,3.0,9.0,9.0,9.0,2.0,1.0,5.0,7.0,6.0,7.0,7.0,4
68,27.0,6.0,4.0,3.0,3.0,2.0,2.0,7.0,8.0,8.0,3.0,3.0,7.0,10.0,7.0,5.0,9.0,7.0,7.0,7.0,1.0,6.0,8.0,7.0,8.0,8.0,6
69,28.0,8.0,6.0,1.0,10.0,7.0,5.0,5.0,3.0,2.0,1.0,3.0,9.0,8.0,2.0,4.0,7.0,6.0,7.0,2.0,1.0,5.0,9.0,5.0,8.0,8.0,0
70,26.0,8.0,2.0,1.0,9.0,4.0,9.0,5.0,7.0,5.0,7.0,5.0,5.0,8.0,3.0,7.0,8.0,5.0,8.0,5.0,6.0,8.0,6.0,8.0,9.0,6.0,0
71,21.0,1.0,6.0,2.0,9.0,10.0,6.0,4.0,3.0,3.0,7.0,6.0,7.0,7.0,8.0,3.0,10.0,6.0,8.0,2.0,1.0,6.0,8.0,8.0,10.0,10.0,4
72,22.0,5.0,6.0,1.0,8.0,3.0,7.0,10.0,6.0,6.0,7.0,2.0,9.0,5.0,6.0,7.0,7.0,6.0,8.0,8.0,4.0,7.0,9.0,8.0,8.0,8.0,2
73,22.0,8.0,4.0,2.0,9.0,9.0,7.0,6.0,5.0,4.0,4.0,6.0,6.0,5.0,5.0,5.0,7.0,7.0,6.0,4.0,1.0,7.0,7.0,8.0,7.0,8.0,4
74,25.0,5.0,7.0,2.0,8.0,3.0,5.0,9.0,10.0,10.0,9.0,6.0,8.0,10.0,2.0,9.0,10.0,8.0,8.0,3.0,5.0,7.0,9.0,9.0,8.0,7.0,2
75,24.0,1.0,5.0,3.0,8.0,2.0,8.0,7.0,7.0,7.0,7.0,5.0,9.0,8.0,8.0,5.0,7.0,6.0,8.0,5.0,5.0,7.0,7.0,8.0,8.0,8.0,2
94,28.0,8.0,6.0,3.0,7.0,2.0,8.0,8.0,5.0,4.0,4.0,3.0,3.0,9.0,5.0,7.0,9.0,6.0,7.0,4.0,5.0,6.0,9.0,9.0,9.0,7.0,6
95,26.0,8.0,5.0,2.0,10.0,10.0,6.0,6.0,4.0,3.0,1.0,6.0,4.0,7.0,9.0,5.0,10.0,8.0,10.0,3.0,3.0,7.0,9.0,8.0,10.0,7.0,0
96,26.0,5.0,7.0,1.0,5.0,8.0,7.0,10.0,10.0,8.0,10.0,6.0,8.0,8.0,3.0,8.0,9.0,8.0,7.0,7.0,3.0,7.0,9.0,9.0,9.0,9.0,1
97,29.0,10.0,5.0,2.0,6.0,8.0,8.0,3.0,3.0,3.0,6.0,1.0,5.0,8.0,3.0,2.0,7.0,3.0,7.0,3.0,5.0,7.0,5.0,7.0,6.0,6.0,0
98,39.0,11.0,4.0,2.0,8.0,8.0,8.0,7.0,3.0,3.0,5.0,1.0,7.0,7.0,3.0,7.0,8.0,6.0,8.0,2.0,7.0,8.0,8.0,8.0,8.0,8.0,6
99,28.0,1.0,3.0,2.0,5.0,5.0,5.0,8.0,10.0,10.0,5.0,5.0,9.0,6.0,6.0,10.0,10.0,10.0,10.0,8.0,5.0,10.0,10.0,10.0,10.0,8.0,2
100,30.0,8.0,3.0,2.0,5.0,4.0,6.0,7.0,6.0,6.0,2.0,2.0,4.0,6.0,5.0,7.0,7.0,3.0,7.0,6.0,2.0,7.0,8.0,8.0,9.0,6.0,6
101,22.0,8.0,4.0,3.0,9.0,9.0,7.0,9.0,9.0,9.0,8.0,8.0,9.0,8.0,7.0,9.0,8.0,7.0,8.0,8.0,4.0,8.0,8.0,8.0,9.0,9.0,1
102,32.0,10.0,4.0,4.0,9.0,9.0,9.0,9.0,4.0,4.0,7.0,2.0,5.0,5.0,4.0,4.0,9.0,3.0,5.0,5.0,2.0,8.0,5.0,7.0,10.0,9.0,0
103,26.0,8.0,4.0,1.0,8.0,7.0,8.0,8.0,6.0,4.0,8.0,5.0,8.0,8.0,8.0,5.0,8.0,8.0,8.0,6.0,3.0,8.0,8.0,8.0,9.0,9.0,0
104,27.0,10.0,5.0,3.0,8.0,3.0,8.0,9.0,8.0,8.0,9.0,5.0,8.0,7.0,3.0,8.0,7.0,6.0,8.0,3.0,7.0,9.0,8.0,7.0,9.0,9.0,5
105,25.0,1.0,7.0,1.0,9.0,9.0,6.0,8.0,5.0,5.0,3.0,4.0,7.0,8.0,6.0,6.0,7.0,4.0,7.0,5.0,5.0,8.0,7.0,9.0,8.0,6.0,4
106,22.0,1.0,7.0,3.0,2.0,4.0,2.0,9.0,6.0,5.0,4.0,9.0,2.0,9.0,8.0,7.0,9.0,2.0,8.0,5.0,3.0,4.0,7.0,3.0,9.0,2.0,3
107,21.0,7.0,4.0,1.0,7.0,2.0,4.0,7.0,6.0,7.0,8.0,1.0,7.0,7.0,1.0,5.0,7.0,9.0,9.0,1.0,10.0,7.0,9.0,9.0,9.0,6.0,2
108,24.0,5.0,6.0,3.0,7.0,3.0,4.0,5.0,6.0,7.0,3.0,2.0,5.0,7.0,3.0,7.0,7.0,4.0,6.0,2.0,2.0,4.0,8.0,3.0,7.0,2.0,3
109,25.0,14.0,4.0,1.0,2.0,1.0,2.0,10.0,10.0,10.0,1.0,2.0,2.0,10.0,5.0,7.0,10.0,10.0,10.0,5.0,3.0,6.0,9.0,8.0,9.0,8.0,5
110,28.0,14.0,6.0,1.0,4.0,3.0,8.0,7.0,7.0,9.0,8.0,2.0,3.0,7.0,5.0,7.0,9.0,7.0,8.0,3.0,6.0,7.0,9.0,8.0,8.0,7.0,5
111,27.0,8.0,5.0,1.0,9.0,9.0,7.0,9.0,10.0,9.0,9.0,1.0,5.0,9.0,5.0,8.0,9.0,8.0,5.0,3.0,5.0,5.0,8.0,5.0,8.0,5.0,1
122,22.0,1.0,3.0,1.0,7.0,9.0,7.0,9.0,7.0,6.0,5.0,6.0,6.0,6.0,8.0,7.0,8.0,8.0,8.0,5.0,4.0,7.0,10.0,8.0,8.0,8.0,4
123,18.0,5.0,5.0,1.0,9.0,9.0,8.0,8.0,3.0,2.0,5.0,5.0,6.0,2.0,7.0,2.0,7.0,7.0,7.0,7.0,5.0,8.0,7.0,7.0,7.0,8.0,4
124,22.0,8.0,4.0,1.0,5.0,5.0,8.0,10.0,8.0,8.0,6.0,5.0,8.0,8.0,6.0,9.0,9.0,9.0,8.0,8.0,7.0,8.0,8.0,10.0,10.0,10.0,1
125,21.0,4.0,3.0,1.0,3.0,1.0,9.0,10.0,9.0,10.0,1.0,1.0,10.0,9.0,2.0,9.0,9.0,9.0,9.0,10.0,7.0,9.0,6.0,10.0,9.0,10.0,2
126,22.0,7.0,6.0,3.0,10.0,8.0,7.0,8.0,8.0,7.0,5.0,2.0,7.0,10.0,5.0,8.0,8.0,9.0,10.0,6.0,7.0,9.0,10.0,9.0,9.0,9.0,1
127,22.0,5.0,5.0,1.0,10.0,8.0,8.0,8.0,5.0,3.0,5.0,5.0,6.0,1.0,7.0,1.0,5.0,8.0,7.0,5.0,10.0,8.0,8.0,9.0,9.0,8.0,4
128,21.0,5.0,3.0,2.0,8.0,7.0,7.0,6.0,4.0,4.0,8.0,7.0,3.0,5.0,3.0,4.0,8.0,10.0,10.0,2.0,2.0,8.0,7.0,7.0,8.0,7.0,4
130,20.0,5.0,6.0,2.0,7.0,4.0,9.0,8.0,3.0,2.0,7.0,5.0,7.0,6.0,2.0,1.0,2.0,2.0,9.0,6.0,2.0,5.0,6.0,6.0,6.0,6.0,4
131,19.0,5.0,7.0,3.0,5.0,1.0,5.0,5.0,5.0,5.0,3.0,6.0,4.0,8.0,7.0,6.0,8.0,7.0,6.0,5.0,3.0,4.0,6.0,4.0,6.0,6.0,3
137,26.0,8.0,4.0,1.0,6.0,1.0,8.0,8.0,4.0,4.0,1.0,5.0,7.0,4.0,7.0,1.0,9.0,9.0,10.0,8.0,3.0,7.0,9.0,8.0,9.0,8.0,0
138,32.0,8.0,3.0,2.0,7.0,2.0,9.0,8.0,6.0,6.0,1.0,7.0,7.0,9.0,9.0,4.0,9.0,2.0,9.0,6.0,2.0,8.0,8.0,8.0,8.0,8.0,6
139,37.0,5.0,6.0,3.0,7.0,5.0,8.0,10.0,9.0,9.0,6.0,5.0,6.0,10.0,8.0,7.0,10.0,8.0,9.0,7.0,8.0,8.0,8.0,9.0,9.0,6.0,6
140,29.0,8.0,5.0,2.0,8.0,6.0,8.0,9.0,5.0,5.0,5.0,5.0,7.0,9.0,6.0,7.0,6.0,4.0,5.0,4.0,3.0,7.0,7.0,9.0,8.0,8.0,0
141,28.0,8.0,6.0,2.0,10.0,10.0,3.0,9.0,5.0,5.0,7.0,5.0,7.0,3.0,8.0,9.0,10.0,8.0,9.0,6.0,6.0,7.0,9.0,8.0,8.0,6.0,1
158,23.0,10.0,6.0,2.0,2.0,4.0,4.0,6.0,7.0,4.0,7.0,7.0,6.0,8.0,6.0,5.0,8.0,4.0,9.0,5.0,1.0,7.0,9.0,7.0,9.0,6.0,3
159,28.0,10.0,6.0,2.0,7.0,7.0,6.0,9.0,9.0,8.0,6.0,4.0,5.0,8.0,7.0,7.0,9.0,8.0,9.0,7.0,2.0,5.0,9.0,8.0,9.0,7.0,1
160,29.0,8.0,5.0,2.0,9.0,8.0,10.0,6.0,6.0,4.0,3.0,4.0,8.0,6.0,3.0,7.0,9.0,6.0,9.0,3.0,2.0,8.0,8.0,9.0,8.0,9.0,0
161,22.0,10.0,4.0,2.0,9.0,9.0,9.0,8.0,7.0,6.0,7.0,7.0,9.0,9.0,8.0,6.0,8.0,6.0,9.0,6.0,2.0,8.0,7.0,9.0,9.0,7.0,1
162,27.0,10.0,6.0,2.0,3.0,3.0,3.0,8.0,7.0,7.0,6.0,2.0,8.0,5.0,4.0,3.0,9.0,10.0,10.0,7.0,3.0,7.0,8.0,7.0,9.0,8.0,5
163,26.0,9.0,3.0,3.0,6.0,2.0,2.0,4.0,8.0,8.0,4.0,1.0,1.0,8.0,1.0,6.0,6.0,4.0,6.0,2.0,1.0,7.0,8.0,8.0,9.0,7.0,3
164,27.0,7.0,6.0,2.0,7.0,5.0,5.0,6.0,7.0,7.0,7.0,1.0,3.0,7.0,2.0,5.0,6.0,4.0,6.0,2.0,2.0,7.0,9.0,6.0,9.0,4.0,3
165,30.0,13.0,6.0,3.0,3.0,1.0,6.0,6.0,7.0,7.0,2.0,1.0,1.0,10.0,8.0,8.0,8.0,5.0,5.0,2.0,2.0,8.0,6.0,7.0,9.0,2.0,6
166,26.0,8.0,5.0,2.0,5.0,5.0,9.0,4.0,4.0,2.0,5.0,1.0,3.0,9.0,1.0,5.0,8.0,7.0,10.0,1.0,7.0,7.0,7.0,7.0,7.0,7.0,3
167,23.0,10.0,6.0,2.0,9.0,9.0,8.0,6.0,8.0,8.0,9.0,2.0,5.0,6.0,5.0,6.0,8.0,6.0,7.0,3.0,2.0,6.0,7.0,7.0,7.0,5.0,5
168,23.0,10.0,4.0,2.0,5.0,5.0,3.0,5.0,5.0,5.0,5.0,3.0,3.0,5.0,3.0,5.0,5.0,5.0,3.0,3.0,3.0,5.0,5.0,5.0,5.0,5.0,3
169,28.0,10.0,6.0,2.0,10.0,7.0,8.0,9.0,9.0,7.0,7.0,1.0,6.0,4.0,2.0,7.0,6.0,8.0,8.0,4.0,4.0,7.0,9.0,7.0,8.0,7.0,5
170,28.0,10.0,5.0,3.0,2.0,1.0,8.0,8.0,8.0,8.0,5.0,3.0,1.0,9.0,8.0,7.0,8.0,6.0,8.0,4.0,5.0,7.0,8.0,6.0,9.0,8.0,6
171,29.0,8.0,4.0,2.0,8.0,2.0,8.0,8.0,5.0,5.0,5.0,2.0,8.0,9.0,6.0,6.0,9.0,4.0,9.0,7.0,1.0,10.0,10.0,10.0,10.0,10.0,0
172,27.0,8.0,3.0,1.0,7.0,8.0,7.0,8.0,4.0,5.0,5.0,6.0,8.0,7.0,4.0,6.0,8.0,8.0,7.0,6.0,3.0,5.0,6.0,9.0,8.0,9.0,0
173,22.0,2.0,4.0,1.0,10.0,8.0,9.0,6.0,5.0,6.0,7.0,4.0,8.0,7.0,4.0,5.0,6.0,9.0,10.0,3.0,6.0,7.0,9.0,9.0,9.0,9.0,4
184,34.0,8.0,4.0,2.0,5.0,2.0,4.0,8.0,8.0,7.0,8.0,3.0,8.0,8.0,3.0,9.0,8.0,5.0,6.0,2.0,8.0,6.0,10.0,7.0,9.0,5.0,6
185,25.0,2.0,7.0,4.0,8.0,7.0,8.0,8.0,8.0,9.0,6.0,7.0,8.0,9.0,9.0,9.0,9.0,8.0,9.0,9.0,9.0,10.0,10.0,7.0,8.0,8.0,1
186,24.0,5.0,7.0,3.0,5.0,1.0,4.0,9.0,5.0,3.0,6.0,1.0,1.0,6.0,7.0,4.0,7.0,8.0,8.0,6.0,3.0,4.0,8.0,4.0,7.0,6.0,3
187,26.0,8.0,4.0,1.0,3.0,5.0,10.0,5.0,10.0,10.0,1.0,2.0,1.0,10.0,5.0,8.0,8.0,10.0,10.0,1.0,1.0,8.0,9.0,7.0,10.0,7.0,5
188,21.0,5.0,3.0,1.0,2.0,1.0,5.0,10.0,8.0,8.0,5.0,7.0,5.0,7.0,3.0,5.0,5.0,5.0,7.0,7.0,3.0,7.0,5.0,7.0,10.0,10.0,2
189,27.0,1.0,6.0,2.0,8.0,7.0,8.0,5.0,7.0,7.0,7.0,7.0,7.0,9.0,5.0,7.0,9.0,7.0,8.0,4.0,7.0,8.0,8.0,8.0,8.0,9.0,2
190,25.0,13.0,7.0,3.0,7.0,7.0,8.0,3.0,2.0,2.0,6.0,5.0,9.0,8.0,2.0,4.0,7.0,9.0,10.0,3.0,1.0,7.0,7.0,7.0,7.0,7.0,0
191,28.0,8.0,4.0,2.0,8.0,1.0,7.0,8.0,6.0,6.0,6.0,1.0,8.0,7.0,3.0,4.0,8.0,4.0,7.0,1.0,7.0,7.0,7.0,6.0,7.0,8.0,5
192,24.0,8.0,6.0,2.0,7.0,5.0,7.0,7.0,3.0,2.0,6.0,8.0,7.0,9.0,6.0,3.0,6.0,7.0,8.0,4.0,5.0,7.0,10.0,9.0,9.0,10.0,0
193,25.0,1.0,6.0,2.0,8.0,10.0,7.0,9.0,9.0,8.0,1.0,1.0,4.0,10.0,10.0,10.0,10.0,9.0,9.0,9.0,5.0,7.0,9.0,5.0,10.0,7.0,1
214,23.0,10.0,6.0,2.0,9.0,3.0,10.0,8.0,6.0,7.0,7.0,4.0,7.0,3.0,1.0,9.0,6.0,4.0,6.0,7.0,1.0,8.0,10.0,10.0,9.0,8.0,5
215,26.0,8.0,4.0,1.0,8.0,6.0,9.0,9.0,6.0,4.0,2.0,7.0,6.0,9.0,5.0,2.0,9.0,2.0,7.0,9.0,2.0,7.0,8.0,9.0,9.0,9.0,0
216,27.0,8.0,5.0,3.0,2.0,1.0,2.0,7.0,7.0,5.0,3.0,5.0,1.0,13.0,6.0,6.0,7.0,6.0,5.0,2.0,1.0,5.0,10.0,9.0,9.0,10.0,3
217,26.0,10.0,4.0,2.0,1.0,2.0,8.0,7.0,8.0,8.0,10.0,1.0,2.0,10.0,4.0,8.0,6.0,10.0,10.0,1.0,7.0,7.0,10.0,7.0,10.0,10.0,5
218,24.0,10.0,4.0,2.0,9.0,3.0,5.0,7.0,9.0,10.0,7.0,3.0,7.0,5.0,1.0,5.0,7.0,8.0,8.0,6.0,1.0,7.0,6.0,3.0,10.0,10.0,5
219,26.0,8.0,3.0,2.0,8.0,2.0,7.0,7.0,7.0,8.0,3.0,3.0,6.0,7.0,2.0,6.0,7.0,7.0,10.0,3.0,10.0,7.0,7.0,6.0,9.0,6.0,5
220,25.0,13.0,5.0,2.0,9.0,9.0,5.0,10.0,9.0,10.0,10.0,6.0,8.0,10.0,2.0,5.0,5.0,5.0,9.0,5.0,5.0,10.0,10.0,10.0,10.0,10.0,1
221,27.0,8.0,6.0,3.0,5.0,6.0,3.0,7.0,6.0,3.0,4.0,3.0,7.0,8.0,7.0,8.0,8.0,4.0,4.0,4.0,1.0,7.0,9.0,7.0,9.0,9.0,3
222,27.0,2.0,6.0,3.0,5.0,1.0,6.0,8.0,10.0,9.0,6.0,4.0,7.0,9.0,1.0,9.0,9.0,10.0,8.0,3.0,1.0,4.0,9.0,7.0,9.0,4.0,2
223,28.0,7.0,4.0,2.0,8.0,7.0,6.0,6.0,8.0,7.0,6.0,7.0,8.0,9.0,6.0,5.0,10.0,6.0,7.0,5.0,2.0,7.0,8.0,7.0,9.0,6.0,1
224,32.0,3.0,7.0,4.0,6.0,4.0,4.0,7.0,5.0,5.0,5.0,6.0,8.0,10.0,1.0,8.0,9.0,2.0,4.0,1.0,8.0,8.0,10.0,8.0,8.0,8.0,6
225,28.0,8.0,7.0,2.0,10.0,8.0,3.0,8.0,8.0,8.0,7.0,3.0,9.0,8.0,8.0,9.0,7.0,9.0,9.0,2.0,6.0,5.0,9.0,7.0,6.0,7.0,1
226,23.0,8.0,3.0,1.0,10.0,7.0,8.0,6.0,7.0,7.0,3.0,2.0,8.0,4.0,5.0,6.0,7.0,4.0,9.0,2.0,4.0,10.0,10.0,10.0,10.0,10.0,0
227,26.0,8.0,6.0,3.0,7.0,7.0,7.0,10.0,9.0,7.0,2.0,6.0,5.0,10.0,8.0,8.0,9.0,5.0,7.0,5.0,1.0,7.0,10.0,8.0,10.0,10.0,1
228,24.0,10.0,7.0,3.0,3.0,1.0,2.0,8.0,4.0,5.0,8.0,4.0,6.0,9.0,2.0,4.0,7.0,8.0,9.0,2.0,8.0,5.0,8.0,4.0,7.0,8.0,3
229,28.0,10.0,6.0,3.0,8.0,5.0,7.0,7.0,1.0,1.0,5.0,3.0,3.0,8.0,5.0,1.0,5.0,2.0,6.0,1.0,1.0,8.0,7.0,5.0,10.0,10.0,0
230,42.0,13.0,7.0,3.0,1.0,1.0,2.0,1.0,10.0,10.0,10.0,1.0,1.0,10.0,10.0,10.0,10.0,5.0,10.0,10.0,6.0,6.0,6.0,6.0,6.0,6.0,6
231,30.0,13.0,6.0,3.0,5.0,2.0,7.0,9.0,9.0,6.0,8.0,1.0,9.0,9.0,1.0,8.0,9.0,9.0,10.0,1.0,7.0,8.0,8.0,8.0,9.0,3.0,5
232,31.0,13.0,5.0,4.0,5.0,5.0,9.0,8.0,7.0,8.0,9.0,3.0,8.0,7.0,4.0,6.0,8.0,7.0,7.0,3.0,5.0,8.0,8.0,8.0,8.0,6.0,5
233,29.0,13.0,3.0,2.0,10.0,9.0,8.0,10.0,8.0,8.0,7.0,9.0,8.0,5.0,10.0,8.0,10.0,10.0,10.0,8.0,6.0,7.0,8.0,8.0,7.0,8.0,1
243,27.0,16.0,6.0,2.0,7.0,2.0,7.0,9.0,5.0,8.0,5.0,7.0,3.0,9.0,5.0,5.0,9.0,8.0,8.0,6.0,2.0,7.0,9.0,8.0,9.0,5.0,5
244,28.0,8.0,5.0,3.0,5.0,2.0,10.0,8.0,6.0,4.0,9.0,1.0,3.0,13.0,9.0,8.0,9.0,3.0,4.0,3.0,1.0,7.0,10.0,7.0,10.0,10.0,3
245,32.0,7.0,5.0,2.0,3.0,1.0,2.0,6.0,7.0,8.0,4.0,8.0,6.0,9.0,2.0,7.0,8.0,6.0,6.0,1.0,6.0,5.0,7.0,6.0,8.0,7.0,6
246,25.0,10.0,7.0,6.0,6.0,5.0,5.0,7.0,5.0,5.0,3.0,2.0,6.0,8.0,8.0,9.0,9.0,8.0,9.0,5.0,2.0,7.0,8.0,6.0,7.0,6.0,3
247,25.0,10.0,6.0,4.0,5.0,4.0,7.0,1.0,3.0,2.0,9.0,4.0,2.0,5.0,3.0,3.0,3.0,3.0,3.0,2.0,6.0,5.0,10.0,2.0,8.0,4.0,3
248,27.0,8.0,4.0,1.0,7.0,1.0,8.0,7.0,5.0,1.0,8.0,6.0,8.0,6.0,3.0,7.0,7.0,4.0,7.0,6.0,1.0,5.0,6.0,8.0,8.0,8.0,0
249,33.0,8.0,3.0,1.0,7.0,9.0,1.0,10.0,8.0,6.0,1.0,1.0,6.0,10.0,7.0,3.0,8.0,8.0,5.0,4.0,1.0,7.0,9.0,7.0,10.0,7.0,6
250,25.0,6.0,2.0,1.0,7.0,2.0,8.0,10.0,10.0,10.0,6.0,1.0,2.0,10.0,1.0,9.0,9.0,10.0,10.0,6.0,5.0,10.0,9.0,9.0,10.0,10.0,2
251,33.0,7.0,4.0,1.0,7.0,6.0,1.0,6.0,8.0,8.0,5.0,8.0,4.0,9.0,7.0,6.0,9.0,6.0,8.0,2.0,3.0,8.0,10.0,9.0,10.0,9.0,6
273,29.0,10.0,5.0,2.0,6.0,1.0,5.0,7.0,7.0,4.0,8.0,1.0,3.0,2.0,5.0,7.0,8.0,8.0,8.0,3.0,2.0,7.0,10.0,5.0,7.0,7.0,5
274,24.0,3.0,4.0,2.0,3.0,3.0,4.0,7.0,6.0,5.0,4.0,5.0,1.0,10.0,7.0,6.0,8.0,9.0,10.0,8.0,7.0,7.0,7.0,10.0,9.0,9.0,2
275,21.0,5.0,4.0,3.0,9.0,1.0,10.0,6.0,7.0,7.0,4.0,6.0,5.0,10.0,1.0,9.0,7.0,7.0,9.0,5.0,9.0,10.0,7.0,6.0,10.0,10.0,2
276,26.0,10.0,4.0,1.0,6.0,2.0,8.0,9.0,8.0,9.0,2.0,3.0,6.0,9.0,1.0,4.0,7.0,6.0,7.0,2.0,2.0,7.0,6.0,7.0,10.0,8.0,5
277,25.0,10.0,7.0,5.0,10.0,6.0,10.0,5.0,8.0,8.0,10.0,5.0,3.0,8.0,2.0,7.0,8.0,6.0,6.0,1.0,2.0,4.0,8.0,8.0,8.0,5.0,5
278,32.0,5.0,3.0,1.0,8.0,1.0,5.0,9.0,9.0,9.0,9.0,5.0,8.0,9.0,5.0,7.0,9.0,9.0,9.0,5.0,1.0,8.0,8.0,8.0,8.0,8.0,2
279,25.0,10.0,4.0,2.0,7.0,1.0,6.0,5.0,2.0,3.0,5.0,3.0,4.0,9.0,6.0,3.0,8.0,1.0,2.0,1.0,1.0,8.0,9.0,6.0,10.0,7.0,3
280,25.0,10.0,6.0,2.0,8.0,1.0,5.0,5.0,6.0,5.0,5.0,4.0,2.0,10.0,2.0,7.0,10.0,7.0,8.0,2.0,2.0,5.0,9.0,5.0,8.0,6.0,3
281,27.0,3.0,5.0,5.0,4.0,4.0,2.0,4.0,7.0,5.0,8.0,1.0,2.0,6.0,2.0,6.0,8.0,7.0,5.0,3.0,9.0,7.0,8.0,6.0,8.0,5.0,3
282,23.0,5.0,4.0,3.0,10.0,10.0,10.0,5.0,4.0,4.0,4.0,7.0,8.0,9.0,5.0,7.0,7.0,7.0,10.0,5.0,1.0,7.0,9.0,9.0,7.0,10.0,4
283,27.0,5.0,4.0,2.0,9.0,6.0,6.0,6.0,4.0,4.0,8.0,6.0,6.0,8.0,1.0,5.0,3.0,3.0,7.0,2.0,7.0,9.0,9.0,9.0,9.0,9.0,0
284,27.0,8.0,5.0,2.0,9.0,2.0,5.0,7.0,7.0,9.0,8.0,1.0,5.0,9.0,5.0,5.0,9.0,8.0,9.0,8.0,5.0,7.0,6.0,7.0,8.0,7.0,2
285,24.0,5.0,6.0,6.0,5.0,7.0,6.0,10.0,9.0,10.0,9.0,14.0,5.0,9.0,7.0,3.0,10.0,10.0,10.0,10.0,10.0,8.0,10.0,10.0,10.0,8.0,1
286,22.0,2.0,6.0,3.0,7.0,3.0,4.0,3.0,8.0,7.0,9.0,9.0,4.0,8.0,6.0,8.0,7.0,8.0,6.0,3.0,8.0,3.0,6.0,6.0,7.0,7.0,2
287,22.0,13.0,7.0,3.0,2.0,1.0,5.0,7.0,2.0,2.0,9.0,6.0,4.0,10.0,8.0,8.0,10.0,8.0,8.0,8.0,8.0,7.0,10.0,5.0,7.0,10.0,3
288,27.0,3.0,6.0,3.0,9.0,5.0,3.0,8.0,5.0,5.0,6.0,4.0,4.0,9.0,2.0,6.0,7.0,5.0,7.0,2.0,2.0,5.0,8.0,7.0,8.0,7.0,3
289,28.0,8.0,4.0,1.0,10.0,6.0,1.0,7.0,3.0,6.0,10.0,5.0,3.0,10.0,6.0,5.0,7.0,6.0,8.0,2.0,1.0,4.0,9.0,10.0,8.0,8.0,3
290,34.0,10.0,5.0,2.0,7.0,1.0,8.0,7.0,7.0,4.0,3.0,2.0,1.0,10.0,1.0,3.0,5.0,9.0,10.0,2.0,5.0,5.0,4.0,5.0,10.0,9.0,6
291,27.0,10.0,3.0,2.0,9.0,7.0,7.0,7.0,7.0,7.0,5.0,6.0,5.0,7.0,5.0,6.0,7.0,5.0,8.0,5.0,5.0,6.0,9.0,7.0,9.0,9.0,0
292,28.0,13.0,2.0,1.0,10.0,5.0,8.0,8.0,7.0,5.0,10.0,7.0,9.0,7.0,4.0,7.0,9.0,5.0,10.0,1.0,1.0,8.0,10.0,8.0,10.0,10.0,5
293,28.0,8.0,5.0,2.0,6.0,9.0,7.0,10.0,8.0,7.0,6.0,6.0,8.0,9.0,6.0,9.0,9.0,8.0,8.0,6.0,4.0,7.0,10.0,9.0,9.0,9.0,1
308,27.0,9.0,7.0,2.0,7.0,7.0,7.0,8.0,8.0,8.0,8.0,7.0,3.0,7.0,9.0,8.0,9.0,7.0,8.0,7.0,7.0,7.0,10.0,8.0,8.0,7.0,1
309,32.0,9.0,3.0,2.0,6.0,4.0,4.0,9.0,8.0,10.0,8.0,5.0,7.0,9.0,6.0,8.0,9.0,8.0,10.0,4.0,4.0,7.0,8.0,9.0,9.0,7.0,6
310,25.0,5.0,3.0,1.0,2.0,2.0,3.0,7.0,6.0,6.0,3.0,8.0,5.0,9.0,8.0,7.0,9.0,5.0,6.0,5.0,3.0,7.0,6.0,8.0,7.0,4.0,3
311,29.0,8.0,6.0,1.0,10.0,8.0,9.0,10.0,7.0,6.0,8.0,9.0,1.0,7.0,4.0,6.0,8.0,10.0,10.0,9.0,8.0,9.0,9.0,10.0,9.0,3.0,1
312,23.0,15.0,4.0,2.0,7.0,7.0,5.0,7.0,9.0,8.0,10.0,5.0,3.0,8.0,5.0,6.0,9.0,7.0,8.0,2.0,1.0,8.0,7.0,7.0,9.0,9.0,5
313,27.0,8.0,4.0,1.0,9.0,8.0,6.0,8.0,6.0,3.0,6.0,1.0,9.0,6.0,3.0,2.0,7.0,8.0,10.0,5.0,1.0,7.0,8.0,8.0,8.0,6.0,0
314,32.0,13.0,6.0,2.0,9.0,2.0,7.0,8.0,6.0,4.0,2.0,2.0,2.0,6.0,7.0,3.0,7.0,6.0,8.0,8.0,8.0,8.0,8.0,8.0,9.0,7.0,6
315,27.0,5.0,5.0,3.0,8.0,2.0,2.0,8.0,8.0,8.0,8.0,2.0,8.0,7.0,1.0,8.0,9.0,7.0,7.0,2.0,2.0,6.0,10.0,6.0,8.0,7.0,2
316,25.0,8.0,4.0,1.0,9.0,3.0,5.0,7.0,6.0,6.0,6.0,4.0,6.0,9.0,5.0,4.0,4.0,7.0,9.0,4.0,1.0,6.0,8.0,7.0,8.0,9.0,0
317,30.0,8.0,4.0,1.0,8.0,1.0,5.0,10.0,6.0,10.0,4.0,3.0,8.0,4.0,1.0,10.0,10.0,8.0,9.0,1.0,1.0,7.0,3.0,8.0,8.0,5.0,5
318,29.0,8.0,6.0,1.0,8.0,4.0,8.0,6.0,4.0,5.0,7.0,7.0,7.0,7.0,6.0,7.0,8.0,5.0,8.0,7.0,6.0,6.0,10.0,6.0,10.0,10.0,0
319,26.0,9.0,7.0,2.0,8.0,7.0,5.0,7.0,5.0,4.0,8.0,7.0,1.0,5.0,7.0,2.0,2.0,10.0,9.0,2.0,3.0,5.0,10.0,6.0,9.0,3.0,3
320,36.0,7.0,5.0,5.0,4.0,1.0,9.0,9.0,8.0,4.0,6.0,3.0,1.0,10.0,1.0,5.0,7.0,2.0,5.0,2.0,1.0,8.0,8.0,9.0,9.0,7.0,6
321,29.0,8.0,5.0,1.0,7.0,4.0,4.0,8.0,5.0,5.0,4.0,2.0,7.0,5.0,2.0,6.0,8.0,6.0,7.0,2.0,1.0,6.0,8.0,7.0,7.0,8.0,0
332,30.0,3.0,7.0,4.0,7.0,2.0,8.0,5.0,10.0,10.0,7.0,3.0,7.0,9.0,5.0,8.0,10.0,5.0,9.0,7.0,1.0,5.0,10.0,6.0,6.0,10.0,2
333,23.0,8.0,3.0,1.0,10.0,5.0,10.0,7.0,3.0,1.0,10.0,5.0,3.0,8.0,2.0,4.0,8.0,2.0,4.0,3.0,6.0,7.0,4.0,7.0,9.0,9.0,0
334,29.0,8.0,5.0,3.0,9.0,4.0,9.0,9.0,8.0,8.0,5.0,6.0,8.0,5.0,5.0,6.0,6.0,3.0,5.0,8.0,5.0,8.0,7.0,8.0,8.0,9.0,0
335,24.0,3.0,3.0,3.0,9.0,1.0,9.0,4.0,7.0,7.0,4.0,1.0,4.0,8.0,6.0,5.0,4.0,3.0,8.0,5.0,7.0,8.0,7.0,9.0,8.0,8.0,2
336,25.0,17.0,5.0,2.0,5.0,4.0,4.0,5.0,8.0,10.0,4.0,1.0,1.0,9.0,4.0,6.0,10.0,10.0,10.0,3.0,4.0,5.0,9.0,7.0,7.0,9.0,5
337,28.0,5.0,5.0,3.0,9.0,9.0,8.0,8.0,8.0,7.0,5.0,4.0,6.0,7.0,5.0,7.0,8.0,7.0,6.0,4.0,4.0,6.0,6.0,6.0,6.0,6.0,1
338,27.0,5.0,4.0,2.0,4.0,2.0,7.0,6.0,8.0,8.0,8.0,6.0,6.0,8.0,4.0,10.0,10.0,7.0,7.0,5.0,10.0,7.0,9.0,7.0,9.0,10.0,2
361,34.0,1.0,6.0,6.0,3.0,1.0,3.0,5.0,9.0,10.0,3.0,3.0,4.0,10.0,6.0,8.0,9.0,7.0,7.0,3.0,2.0,7.0,7.0,5.0,7.0,9.0,6
362,30.0,1.0,4.0,3.0,8.0,2.0,1.0,9.0,6.0,6.0,6.0,4.0,7.0,6.0,4.0,6.0,6.0,6.0,6.0,7.0,2.0,7.0,7.0,9.0,8.0,8.0,2
363,23.0,5.0,6.0,2.0,3.0,3.0,9.0,10.0,4.0,5.0,8.0,6.0,9.0,7.0,5.0,5.0,8.0,7.0,5.0,8.0,5.0,5.0,7.0,8.0,8.0,3.0,2
364,27.0,8.0,4.0,2.0,9.0,7.0,9.0,9.0,4.0,3.0,3.0,5.0,1.0,9.0,5.0,4.0,7.0,5.0,6.0,8.0,1.0,8.0,8.0,8.0,9.0,9.0,0
365,30.0,8.0,2.0,1.0,7.0,3.0,3.0,9.0,9.0,10.0,8.0,4.0,8.0,8.0,1.0,5.0,7.0,9.0,10.0,5.0,5.0,8.0,2.0,9.0,9.0,9.0,2
366,27.0,8.0,4.0,1.0,6.0,6.0,4.0,8.0,9.0,9.0,7.0,6.0,8.0,9.0,4.0,6.0,7.0,10.0,10.0,8.0,6.0,6.0,8.0,9.0,8.0,10.0,1
367,27.0,13.0,4.0,1.0,6.0,7.0,8.0,8.0,5.0,5.0,3.0,4.0,8.0,5.0,6.0,3.0,3.0,7.0,8.0,7.0,2.0,7.0,7.0,8.0,7.0,5.0,0
368,24.0,13.0,4.0,2.0,4.0,6.0,4.0,8.0,9.0,7.0,3.0,8.0,9.0,9.0,9.0,7.0,9.0,8.0,9.0,8.0,4.0,6.0,8.0,8.0,8.0,7.0,1
369,25.0,3.0,5.0,3.0,2.0,6.0,2.0,6.0,7.0,7.0,7.0,1.0,1.0,10.0,3.0,7.0,5.0,6.0,8.0,1.0,1.0,6.0,9.0,9.0,10.0,7.0,3
370,28.0,8.0,4.0,1.0,7.0,8.0,7.0,7.0,6.0,6.0,3.0,1.0,6.0,7.0,2.0,2.0,2.0,5.0,9.0,4.0,1.0,8.0,6.0,9.0,9.0,9.0,0
371,27.0,8.0,7.0,1.0,10.0,7.0,7.0,3.0,3.0,3.0,3.0,3.0,3.0,4.0,5.0,3.0,6.0,10.0,10.0,1.0,7.0,10.0,8.0,10.0,10.0,10.0,0
372,27.0,8.0,5.0,2.0,9.0,10.0,8.0,9.0,9.0,9.0,7.0,4.0,2.0,9.0,6.0,8.0,6.0,7.0,7.0,4.0,2.0,7.0,8.0,8.0,9.0,8.0,1
373,29.0,8.0,5.0,2.0,7.0,5.0,8.0,8.0,7.0,6.0,3.0,5.0,9.0,8.0,2.0,3.0,4.0,5.0,9.0,8.0,2.0,9.0,8.0,9.0,9.0,9.0,0
374,30.0,8.0,4.0,2.0,10.0,10.0,8.0,7.0,8.0,8.0,5.0,5.0,6.0,5.0,6.0,9.0,10.0,9.0,8.0,4.0,4.0,6.0,7.0,6.0,7.0,7.0,1
375,27.0,8.0,3.0,1.0,9.0,8.0,5.0,8.0,4.0,4.0,2.0,2.0,7.0,5.0,6.0,5.0,6.0,3.0,6.0,7.0,3.0,8.0,9.0,9.0,8.0,9.0,0
376,25.0,8.0,5.0,2.0,4.0,1.0,4.0,10.0,5.0,6.0,7.0,7.0,3.0,3.0,9.0,7.0,9.0,5.0,6.0,9.0,5.0,6.0,10.0,8.0,9.0,10.0,2
377,26.0,8.0,5.0,1.0,7.0,9.0,6.0,6.0,3.0,3.0,1.0,7.0,8.0,6.0,8.0,5.0,8.0,7.0,8.0,6.0,2.0,7.0,8.0,8.0,7.0,7.0,0
378,29.0,8.0,5.0,2.0,9.0,5.0,10.0,5.0,4.0,4.0,2.0,1.0,8.0,7.0,3.0,3.0,8.0,5.0,8.0,5.0,2.0,6.0,7.0,7.0,9.0,7.0,0
397,24.0,1.0,5.0,2.0,9.0,8.0,8.0,6.0,7.0,7.0,6.0,2.0,6.0,7.0,5.0,7.0,8.0,4.0,7.0,5.0,1.0,7.0,7.0,7.0,10.0,9.0,4
398,29.0,8.0,3.0,1.0,4.0,1.0,2.0,10.0,7.0,7.0,9.0,9.0,8.0,7.0,7.0,7.0,9.0,6.0,5.0,6.0,2.0,7.0,6.0,10.0,7.0,8.0,2
399,29.0,8.0,4.0,2.0,9.0,2.0,9.0,9.0,9.0,9.0,7.0,3.0,5.0,9.0,1.0,6.0,7.0,8.0,10.0,3.0,8.0,9.0,9.0,9.0,9.0,9.0,5
400,26.0,8.0,4.0,2.0,7.0,4.0,7.0,7.0,6.0,6.0,6.0,1.0,8.0,7.0,1.0,7.0,7.0,6.0,7.0,1.0,1.0,7.0,10.0,6.0,8.0,7.0,5
401,31.0,8.0,4.0,1.0,10.0,1.0,4.0,8.0,8.0,8.0,8.0,2.0,5.0,5.0,1.0,8.0,8.0,10.0,10.0,7.0,3.0,8.0,5.0,7.0,10.0,5.0,5
402,29.0,2.0,4.0,2.0,10.0,2.0,6.0,9.0,6.0,6.0,9.0,7.0,4.0,3.0,3.0,5.0,8.0,4.0,4.0,6.0,9.0,6.0,8.0,7.0,10.0,9.0,2
403,22.0,5.0,5.0,3.0,9.0,8.0,3.0,7.0,4.0,3.0,5.0,3.0,3.0,5.0,6.0,5.0,8.0,3.0,6.0,2.0,1.0,4.0,8.0,7.0,9.0,9.0,4
404,23.0,5.0,5.0,2.0,10.0,5.0,8.0,10.0,8.0,8.0,9.0,7.0,9.0,8.0,4.0,5.0,8.0,7.0,8.0,6.0,3.0,6.0,9.0,7.0,8.0,8.0,2
405,30.0,13.0,5.0,5.0,6.0,1.0,6.0,9.0,8.0,9.0,2.0,6.0,8.0,8.0,6.0,10.0,9.0,7.0,9.0,9.0,5.0,8.0,8.0,10.0,9.0,10.0,6
406,27.0,8.0,6.0,2.0,4.0,6.0,8.0,9.0,6.0,7.0,8.0,6.0,6.0,7.0,7.0,8.0,9.0,7.0,10.0,2.0,1.0,6.0,7.0,8.0,8.0,9.0,1
407,24.0,14.0,4.0,2.0,8.0,4.0,7.0,9.0,9.0,9.0,7.0,4.0,2.0,9.0,5.0,7.0,10.0,9.0,9.0,7.0,7.0,7.0,9.0,8.0,7.0,8.0,5
408,24.0,13.0,7.0,1.0,7.0,7.0,9.0,8.0,9.0,8.0,3.0,5.0,1.0,6.0,2.0,4.0,8.0,6.0,10.0,2.0,1.0,8.0,7.0,10.0,8.0,9.0,5
409,23.0,5.0,6.0,3.0,10.0,4.0,1.0,4.0,7.0,8.0,10.0,2.0,8.0,7.0,2.0,6.0,8.0,10.0,10.0,5.0,2.0,7.0,9.0,8.0,9.0,8.0,2
410,27.0,8.0,5.0,1.0,10.0,8.0,5.0,8.0,1.0,1.0,8.0,10.0,1.0,8.0,2.0,2.0,4.0,4.0,5.0,1.0,1.0,7.0,10.0,6.0,10.0,10.0,0
411,34.0,8.0,4.0,1.0,7.0,6.0,6.0,7.0,7.0,6.0,3.0,3.0,1.0,8.0,1.0,7.0,6.0,7.0,10.0,8.0,3.0,8.0,6.0,9.0,7.0,5.0,6
412,27.0,8.0,5.0,2.0,10.0,10.0,10.0,5.0,8.0,8.0,0.0,7.0,3.0,8.0,6.0,5.0,5.0,8.0,8.0,4.0,4.0,7.0,7.0,8.0,8.0,8.0,0
415,31.0,8.0,4.0,2.0,1.0,1.0,6.0,6.0,7.0,5.0,1.0,1.0,3.0,10.0,1.0,6.0,6.0,3.0,7.0,1.0,1.0,7.0,8.0,4.0,10.0,8.0,6
422,26.0,8.0,4.0,2.0,7.0,2.0,8.0,9.0,9.0,9.0,10.0,2.0,4.0,7.0,5.0,9.0,8.0,6.0,6.0,7.0,9.0,8.0,10.0,8.0,8.0,8.0,2
423,30.0,8.0,4.0,1.0,9.0,2.0,9.0,8.0,7.0,7.0,7.0,6.0,5.0,9.0,5.0,5.0,8.0,7.0,5.0,5.0,4.0,7.0,9.0,8.0,9.0,9.0,0
424,24.0,5.0,6.0,3.0,7.0,7.0,7.0,7.0,5.0,5.0,6.0,7.0,5.0,5.0,7.0,5.0,8.0,5.0,7.0,8.0,5.0,7.0,7.0,7.0,7.0,7.0,4
425,28.0,8.0,4.0,2.0,7.0,8.0,8.0,8.0,7.0,6.0,5.0,2.0,7.0,5.0,5.0,6.0,7.0,5.0,7.0,2.0,2.0,6.0,9.0,6.0,9.0,9.0,0
426,24.0,8.0,2.0,1.0,7.0,2.0,7.0,8.0,6.0,4.0,3.0,2.0,6.0,5.0,3.0,7.0,6.0,6.0,6.0,4.0,2.0,8.0,8.0,8.0,10.0,9.0,0
427,28.0,13.0,7.0,3.0,10.0,1.0,10.0,8.0,7.0,7.0,9.0,1.0,3.0,8.0,1.0,4.0,5.0,7.0,10.0,1.0,10.0,7.0,10.0,8.0,7.0,9.0,5
428,27.0,8.0,2.0,1.0,6.0,5.0,5.0,9.0,6.0,7.0,6.0,5.0,6.0,7.0,5.0,6.0,7.0,5.0,7.0,7.0,3.0,8.0,8.0,7.0,9.0,9.0,0
429,27.0,8.0,2.0,2.0,7.0,8.0,8.0,9.0,8.0,8.0,8.0,6.0,7.0,9.0,8.0,8.0,8.0,8.0,8.0,7.0,6.0,8.0,8.0,9.0,9.0,8.0,1
440,21.0,1.0,7.0,2.0,10.0,10.0,10.0,10.0,7.0,7.0,7.0,3.0,1.0,3.0,5.0,5.0,10.0,8.0,10.0,8.0,5.0,8.0,8.0,9.0,9.0,9.0,4
441,24.0,1.0,7.0,1.0,6.0,1.0,6.0,7.0,7.0,8.0,7.0,14.0,9.0,9.0,8.0,9.0,10.0,10.0,10.0,7.0,2.0,8.0,7.0,8.0,9.0,8.0,2
442,25.0,1.0,6.0,1.0,7.0,1.0,7.0,5.0,1.0,1.0,7.0,1.0,8.0,6.0,1.0,1.0,5.0,3.0,5.0,2.0,1.0,7.0,9.0,8.0,8.0,9.0,3
443,27.0,13.0,6.0,2.0,9.0,5.0,7.0,8.0,5.0,5.0,5.0,3.0,7.0,6.0,1.0,6.0,7.0,8.0,8.0,4.0,5.0,7.0,10.0,9.0,7.0,7.0,5
444,26.0,8.0,4.0,2.0,8.0,8.0,9.0,2.0,6.0,8.0,6.0,2.0,5.0,2.0,7.0,1.0,10.0,3.0,5.0,5.0,6.0,8.0,7.0,9.0,8.0,7.0,0
445,30.0,13.0,5.0,2.0,9.0,6.0,8.0,8.0,5.0,3.0,9.0,5.0,9.0,10.0,5.0,4.0,10.0,8.0,9.0,5.0,1.0,9.0,8.0,7.0,10.0,7.0,0
446,28.0,8.0,4.0,3.0,9.0,2.0,9.0,8.0,8.0,7.0,6.0,3.0,6.0,6.0,5.0,6.0,6.0,5.0,8.0,3.0,3.0,6.0,8.0,9.0,7.0,5.0,5
447,26.0,13.0,7.0,2.0,7.0,5.0,6.0,8.0,3.0,2.0,6.0,2.0,5.0,6.0,3.0,4.0,8.0,4.0,9.0,2.0,4.0,6.0,10.0,6.0,7.0,4.0,3
448,22.0,1.0,2.0,1.0,3.0,2.0,4.0,9.0,8.0,9.0,3.0,5.0,9.0,7.0,3.0,6.0,7.0,6.0,10.0,6.0,5.0,8.0,9.0,8.0,9.0,10.0,2
449,23.0,1.0,3.0,1.0,8.0,2.0,6.0,8.0,7.0,5.0,5.0,3.0,1.0,9.0,7.0,6.0,9.0,2.0,6.0,4.0,1.0,7.0,10.0,10.0,10.0,8.0,4
450,25.0,13.0,6.0,2.0,7.0,3.0,9.0,9.0,9.0,9.0,9.0,9.0,3.0,5.0,7.0,9.0,10.0,9.0,10.0,5.0,10.0,9.0,6.0,7.0,10.0,10.0,1
451,30.0,8.0,3.0,3.0,3.0,3.0,2.0,4.0,4.0,3.0,3.0,4.0,3.0,6.0,7.0,5.0,7.0,7.0,8.0,6.0,6.0,2.0,4.0,4.0,4.0,4.0,3
452,29.0,8.0,5.0,3.0,9.0,6.0,8.0,7.0,8.0,7.0,8.0,7.0,9.0,8.0,7.0,8.0,9.0,8.0,10.0,5.0,3.0,7.0,8.0,7.0,10.0,8.0,1
453,27.0,1.0,6.0,5.0,6.0,3.0,5.0,6.0,6.0,5.0,6.0,5.0,3.0,6.0,6.0,4.0,7.0,6.0,5.0,4.0,1.0,5.0,6.0,7.0,8.0,5.0,3
460,33.0,7.0,4.0,2.0,9.0,7.0,10.0,10.0,10.0,10.0,8.0,1.0,7.0,9.0,10.0,6.0,9.0,10.0,10.0,1.0,5.0,8.0,8.0,7.0,9.0,7.0,1
461,27.0,5.0,7.0,4.0,9.0,8.0,9.0,9.0,7.0,7.0,9.0,8.0,6.0,2.0,2.0,7.0,6.0,6.0,6.0,4.0,4.0,6.0,8.0,9.0,8.0,7.0,4
462,33.0,5.0,6.0,6.0,8.0,7.0,5.0,2.0,6.0,6.0,1.0,2.0,7.0,3.0,8.0,5.0,7.0,6.0,9.0,2.0,2.0,4.0,9.0,6.0,8.0,2.0,6
463,23.0,10.0,7.0,1.0,5.0,4.0,7.0,5.0,4.0,3.0,3.0,5.0,4.0,5.0,4.0,4.0,4.0,4.0,7.0,3.0,1.0,6.0,7.0,7.0,8.0,7.0,3
464,33.0,8.0,3.0,1.0,10.0,9.0,6.0,7.0,3.0,3.0,5.0,5.0,9.0,3.0,4.0,6.0,7.0,7.0,7.0,2.0,1.0,5.0,8.0,8.0,9.0,10.0,0
465,23.0,7.0,7.0,3.0,4.0,8.0,1.0,3.0,8.0,8.0,4.0,1.0,4.0,9.0,2.0,1.0,3.0,10.0,10.0,1.0,1.0,7.0,10.0,8.0,7.0,5.0,3
481,23.0,9.0,3.0,2.0,3.0,3.0,7.0,9.0,8.0,7.0,1.0,2.0,5.0,8.0,2.0,7.0,10.0,10.0,10.0,6.0,1.0,8.0,7.0,8.0,9.0,5.0,5
482,30.0,8.0,6.0,1.0,9.0,7.0,5.0,9.0,6.0,5.0,8.0,2.0,5.0,9.0,6.0,7.0,7.0,2.0,4.0,4.0,3.0,7.0,10.0,9.0,8.0,8.0,0
483,28.0,3.0,3.0,1.0,10.0,1.0,10.0,10.0,10.0,10.0,5.0,1.0,1.0,10.0,5.0,10.0,10.0,10.0,10.0,10.0,5.0,8.0,10.0,10.0,10.0,10.0,2
484,31.0,18.0,6.0,4.0,7.0,3.0,5.0,9.0,9.0,9.0,9.0,3.0,7.0,9.0,1.0,9.0,9.0,9.0,9.0,2.0,7.0,4.0,8.0,2.0,9.0,9.0,5
485,29.0,3.0,6.0,2.0,6.0,10.0,9.0,7.0,7.0,7.0,4.0,6.0,6.0,9.0,8.0,8.0,8.0,7.0,8.0,7.0,4.0,8.0,8.0,7.0,8.0,7.0,1
486,32.0,10.0,6.0,2.0,7.0,1.0,3.0,10.0,8.0,6.0,4.0,1.0,9.0,8.0,1.0,7.0,10.0,5.0,8.0,2.0,2.0,7.0,10.0,8.0,9.0,9.0,6
487,24.0,6.0,5.0,3.0,4.0,4.0,2.0,8.0,5.0,3.0,2.0,5.0,2.0,7.0,8.0,5.0,9.0,6.0,10.0,6.0,2.0,7.0,9.0,6.0,8.0,5.0,3
488,29.0,8.0,2.0,3.0,3.0,3.0,3.0,9.0,5.0,1.0,1.0,1.0,8.0,8.0,8.0,8.0,8.0,8.0,8.0,8.0,3.0,5.0,10.0,7.0,10.0,8.0,6
489,28.0,8.0,2.0,1.0,7.0,7.0,7.0,9.0,9.0,9.0,6.0,9.0,9.0,6.0,6.0,9.0,9.0,9.0,7.0,6.0,5.0,6.0,8.0,8.0,9.0,10.0,1
490,29.0,14.0,6.0,3.0,3.0,1.0,2.0,7.0,7.0,7.0,6.0,2.0,5.0,9.0,9.0,8.0,10.0,9.0,8.0,7.0,4.0,3.0,7.0,6.0,8.0,6.0,6
491,29.0,8.0,4.0,1.0,9.0,2.0,9.0,9.0,9.0,8.0,9.0,7.0,9.0,8.0,2.0,7.0,8.0,8.0,9.0,9.0,6.0,7.0,7.0,7.0,7.0,7.0,2
492,30.0,10.0,4.0,2.0,10.0,10.0,10.0,10.0,10.0,10.0,10.0,2.0,4.0,10.0,7.0,5.0,5.0,2.0,5.0,10.0,10.0,10.0,10.0,10.0,10.0,10.0,1
493,20.0,13.0,6.0,5.0,10.0,10.0,7.0,7.0,4.0,4.0,3.0,3.0,6.0,7.0,10.0,8.0,8.0,7.0,7.0,10.0,6.0,7.0,7.0,8.0,8.0,8.0,1
494,30.0,6.0,3.0,3.0,8.0,10.0,4.0,10.0,10.0,10.0,1.0,1.0,4.0,8.0,6.0,9.0,10.0,7.0,8.0,9.0,10.0,9.0,10.0,10.0,10.0,7.0,1
495,32.0,15.0,2.0,1.0,7.0,5.0,6.0,7.0,5.0,6.0,7.0,7.0,6.0,5.0,6.0,7.0,7.0,6.0,5.0,5.0,6.0,7.0,7.0,7.0,8.0,9.0,6
502,26.0,5.0,3.0,2.0,8.0,8.0,9.0,6.0,5.0,5.0,10.0,9.0,8.0,7.0,8.0,6.0,9.0,5.0,8.0,3.0,4.0,7.0,7.0,9.0,9.0,9.0,4
503,25.0,10.0,6.0,5.0,2.0,4.0,4.0,8.0,8.0,8.0,7.0,5.0,2.0,6.0,5.0,7.0,8.0,9.0,9.0,7.0,7.0,7.0,9.0,4.0,10.0,5.0,5
504,23.0,5.0,5.0,2.0,1.0,1.0,2.0,4.0,4.0,4.0,8.0,1.0,3.0,6.0,1.0,5.0,6.0,7.0,7.0,3.0,1.0,7.0,5.0,6.0,8.0,8.0,3
505,27.0,6.0,4.0,1.0,10.0,6.0,10.0,5.0,10.0,10.0,9.0,7.0,1.0,10.0,10.0,10.0,10.0,10.0,10.0,10.0,10.0,9.0,10.0,8.0,10.0,10.0,1
506,24.0,2.0,7.0,2.0,6.0,4.0,6.0,7.0,7.0,7.0,8.0,2.0,4.0,9.0,2.0,5.0,5.0,5.0,5.0,2.0,1.0,5.0,8.0,7.0,9.0,10.0,3
507,24.0,2.0,7.0,3.0,10.0,9.0,10.0,9.0,9.0,8.0,7.0,4.0,5.0,8.0,5.0,7.0,6.0,6.0,8.0,3.0,2.0,7.0,8.0,7.0,8.0,7.0,4
508,36.0,2.0,5.0,1.0,10.0,4.0,7.0,6.0,4.0,4.0,4.0,9.0,7.0,10.0,3.0,5.0,4.0,7.0,10.0,4.0,8.0,7.0,8.0,8.0,9.0,8.0,0
531,25.0,5.0,7.0,2.0,10.0,10.0,6.0,6.0,10.0,10.0,10.0,6.0,6.0,6.0,10.0,10.0,10.0,8.0,10.0,1.0,6.0,10.0,10.0,6.0,10.0,10.0,1
532,26.0,5.0,2.0,2.0,7.0,8.0,6.0,8.0,6.0,4.0,4.0,8.0,6.0,9.0,7.0,6.0,8.0,6.0,7.0,5.0,2.0,7.0,9.0,7.0,8.0,8.0,4
533,26.0,5.0,6.0,2.0,7.0,3.0,5.0,7.0,5.0,5.0,7.0,2.0,5.0,3.0,1.0,5.0,7.0,6.0,7.0,2.0,2.0,8.0,9.0,8.0,9.0,9.0,3
534,24.0,5.0,5.0,6.0,7.0,9.0,3.0,9.0,9.0,8.0,6.0,7.0,7.0,7.0,3.0,6.0,7.0,8.0,7.0,4.0,1.0,7.0,9.0,8.0,9.0,5.0,1
535,23.0,10.0,5.0,3.0,4.0,3.0,4.0,7.0,7.0,6.0,2.0,8.0,8.0,8.0,6.0,6.0,9.0,8.0,9.0,5.0,6.0,6.0,7.0,6.0,7.0,5.0,3
536,29.0,2.0,5.0,2.0,7.0,3.0,5.0,8.0,7.0,7.0,3.0,2.0,7.0,8.0,6.0,4.0,9.0,7.0,9.0,7.0,1.0,7.0,8.0,8.0,8.0,8.0,2
537,22.0,5.0,5.0,1.0,6.0,6.0,7.0,10.0,8.0,8.0,3.0,3.0,6.0,10.0,8.0,10.0,10.0,10.0,10.0,10.0,1.0,7.0,9.0,9.0,9.0,7.0,1
538,32.0,5.0,4.0,2.0,8.0,2.0,8.0,8.0,8.0,8.0,8.0,8.0,6.0,8.0,5.0,4.0,6.0,3.0,6.0,6.0,6.0,7.0,8.0,9.0,8.0,8.0,2
539,22.0,1.0,4.0,1.0,8.0,9.0,8.0,9.0,9.0,9.0,4.0,6.0,8.0,8.0,6.0,7.0,9.0,7.0,7.0,7.0,6.0,8.0,8.0,9.0,10.0,10.0,1
540,24.0,5.0,7.0,4.0,6.0,4.0,4.0,5.0,7.0,8.0,8.0,9.0,6.0,7.0,4.0,9.0,9.0,9.0,9.0,6.0,3.0,5.0,7.0,6.0,5.0,7.0,2
541,23.0,5.0,7.0,3.0,10.0,10.0,7.0,8.0,3.0,5.0,4.0,3.0,8.0,3.0,10.0,5.0,10.0,10.0,9.0,9.0,3.0,8.0,9.0,9.0,9.0,8.0,4
542,23.0,5.0,5.0,3.0,4.0,7.0,6.0,10.0,9.0,8.0,1.0,8.0,8.0,9.0,8.0,8.0,9.0,9.0,8.0,9.0,6.0,8.0,9.0,8.0,8.0,9.0,1
543,24.0,5.0,7.0,2.0,8.0,8.0,5.0,8.0,8.0,5.0,5.0,9.0,8.0,8.0,8.0,6.0,8.0,8.0,8.0,8.0,3.0,7.0,9.0,9.0,8.0,9.0,1
544,23.0,5.0,7.0,3.0,3.0,4.0,3.0,10.0,7.0,8.0,5.0,14.0,9.0,2.0,10.0,7.0,8.0,8.0,9.0,10.0,3.0,7.0,10.0,10.0,9.0,8.0,1
545,24.0,5.0,7.0,2.0,10.0,2.0,2.0,5.0,5.0,4.0,7.0,5.0,4.0,7.0,4.0,3.0,4.0,5.0,5.0,2.0,1.0,8.0,8.0,8.0,9.0,6.0,3
546,30.0,8.0,4.0,1.0,10.0,5.0,8.0,10.0,4.0,3.0,5.0,1.0,1.0,2.0,4.0,3.0,6.0,3.0,9.0,10.0,6.0,9.0,8.0,10.0,8.0,7.0,0
547,30.0,8.0,3.0,1.0,9.0,6.0,9.0,7.0,8.0,8.0,2.0,2.0,8.0,9.0,4.0,9.0,8.0,9.0,9.0,6.0,5.0,7.0,9.0,8.0,8.0,8.0,1
548,30.0,8.0,6.0,1.0,10.0,8.0,4.0,10.0,3.0,2.0,2.0,5.0,1.0,9.0,6.0,4.0,6.0,7.0,10.0,4.0,1.0,10.0,10.0,10.0,10.0,10.0,0
549,28.0,8.0,7.0,1.0,8.0,5.0,6.0,9.0,7.0,7.0,4.0,8.0,8.0,7.0,7.0,8.0,8.0,10.0,10.0,8.0,2.0,7.0,10.0,8.0,9.0,9.0,1
550,30.0,8.0,4.0,1.0,5.0,3.0,5.0,9.0,7.0,8.0,3.0,3.0,8.0,8.0,3.0,7.0,7.0,4.0,6.0,6.0,3.0,7.0,7.0,7.0,7.0,7.0,6
551,27.0,8.0,6.0,3.0,6.0,1.0,7.0,6.0,7.0,3.0,2.0,1.0,7.0,10.0,2.0,5.0,6.0,7.0,7.0,7.0,1.0,7.0,8.0,3.0,8.0,5.0,3
552,25.0,18.0,2.0,1.0,8.0,2.0,5.0,10.0,10.0,10.0,7.0,1.0,9.0,8.0,3.0,7.0,9.0,10.0,10.0,7.0,3.0,8.0,7.0,6.0,7.0,7.0,5
552,25.0,18.0,2.0,1.0,8.0,2.0,5.0,10.0,10.0,10.0,7.0,1.0,9.0,8.0,3.0,7.0,9.0,10.0,10.0,7.0,3.0,8.0,7.0,6.0,7.0,7.0,5
